product_id,product_name,brand,category,tier,price,mrp,discount_pct,rating,review_count,key_ingredients,skin_concern,is_bestseller,date_added,source,price_segment
NYK1000,The Ordinary Glycerin Facial Oil,The Ordinary,Face Oil,Mid-range,1317,1386,5,4.7,332,"Vitamin C, Niacinamide, Glycerin",Hydration,False,2023-08-17,synthetic_nykaa_model,Mid-range (₹500–1500)
NYK1001,Garnier Squalane Repair Serum,Garnier,Face Serum,Mid-range,1110,1707,35,3.9,444,Squalane,Anti-Ageing,False,2024-08-27,synthetic_nykaa_model,Mid-range (₹500–1500)
NYK1002,Dot & Key Salicylic Acid Serum,Dot & Key,Face Serum,Budget,919,1021,10,2.9,1771,Salicylic Acid,Hydration,False,2023-08-27,synthetic_nykaa_model,Mid-range (₹500–1500)
NYK1003,Plum Squalane Water Cream,Plum,Moisturiser,Budget,246,273,10,4.6,507,"Squalane, Kojic Acid, Peptides",Oil Control,False,2024-08-26,synthetic_nykaa_model,Budget (< ₹500)
NYK1004,mCaffeine Kojic Acid Cleanser,mCaffeine,Face Wash,Budget,231,271,15,4.0,323,Kojic Acid,Pore Care,False,2023-10-12,synthetic_nykaa_model,Budget (< ₹500)
NYK1005,Mamaearth Salicylic Acid Clarifying Toner,Mamaearth,Toner,Budget,450,500,10,3.9,186,"Vitamin C, Salicylic Acid",Sensitive Skin,False,2023-04-10,synthetic_nykaa_model,Budget (< ₹500)
NYK1006,Minimalist Alpha Arbutin Spot Gel,Minimalist,Spot Treatment,Budget,570,633,10,3.3,18656,"Glycerin, Hyaluronic Acid, Alpha Arbutin",Anti-Ageing,False,2024-01-23,synthetic_nykaa_model,Mid-range (₹500–1500)
NYK1007,Dot & Key Ceramides Facial Oil,Dot & Key,Face Oil,Budget,1480,1850,20,4.3,817,"Green Tea Extract, Ceramides",Anti-Ageing,False,2023-02-16,synthetic_nykaa_model,Mid-range (₹500–1500)
NYK1008,Mamaearth Peptides Brightening Serum,Mamaearth,Face Serum,Budget,474,526,10,3.7,1683,Peptides,Anti-Ageing,False,2024-01-25,synthetic_nykaa_model,Budget (< ₹500)
NYK1009,The Ordinary Squalane Water Cream,The Ordinary,Moisturiser,Mid-range,579,681,15,4.2,160,"Green Tea Extract, AHA/BHA, Squalane",Pore Care,False,2023-08-03,synthetic_nykaa_model,Mid-range (₹500–1500)
NYK1010,Mamaearth Peptides Face Scrub,Mamaearth,Exfoliant / Scrub,Budget,299,299,0,4.2,1337,"Salicylic Acid, AHA/BHA, Peptides",Brightening,False,2023-10-04,synthetic_nykaa_model,Budget (< ₹500)
NYK1011,Kiehl's Peptides Under Eye Serum,Kiehl's,Eye Cream,Premium,6985,6985,0,4.0,48,"Hyaluronic Acid, Peptides",Acne,False,2023-11-20,synthetic_nykaa_model,Luxury (₹4000+)
NYK1012,Clinique Ceramides UV Shield,Clinique,Sunscreen,Premium,2130,2366,10,4.2,216,Ceramides,Pore Care,False,2023-08-06,synthetic_nykaa_model,Premium (₹1500–4000)
NYK1013,Olay Glycerin Blemish Serum,Olay,Spot Treatment,Mid-range,763,897,15,4.2,120,"Alpha Arbutin, Retinol, Glycerin",Brightening,False,2023-09-10,synthetic_nykaa_model,Mid-range (₹500–1500)
NYK1014,The Body Shop Kojic Acid UV Shield,The Body Shop,Sunscreen,Premium,1599,1881,15,4.8,44,"Kojic Acid, Centella Asiatica, Green Tea Extract",Hydration,False,2023-05-22,synthetic_nykaa_model,Premium (₹1500–4000)
NYK1015,Plum Vitamin C Booster Serum,Plum,Face Serum,Budget,534,628,15,3.9,61,Vitamin C,Brightening,False,2024-10-04,synthetic_nykaa_model,Mid-range (₹500–1500)
NYK1016,Estee Lauder Bakuchiol Water Cream,Estee Lauder,Moisturiser,Premium,10903,11476,5,4.1,53,"Salicylic Acid, Centella Asiatica, Bakuchiol",Oil Control,False,2024-06-25,synthetic_nykaa_model,Luxury (₹4000+)
NYK1017,Dot & Key Vitamin C Blemish Serum,Dot & Key,Spot Treatment,Budget,531,708,25,4.4,986,Vitamin C,Pigmentation,False,2024-10-18,synthetic_nykaa_model,Mid-range (₹500–1500)
NYK1018,Forest Essentials Kojic Acid Brightening Serum,Forest Essentials,Face Serum,Premium,3227,4302,25,4.6,48,"Kojic Acid, AHA/BHA",Oil Control,False,2023-01-04,synthetic_nykaa_model,Premium (₹1500–4000)
NYK1019,Plum Ceramides Gel Moisturiser,Plum,Moisturiser,Budget,531,590,10,4.0,909,"Vitamin C, Benzoyl Peroxide, Ceramides",Brightening,False,2024-01-18,synthetic_nykaa_model,Mid-range (₹500–1500)
NYK1020,Minimalist Zinc Foaming Cleanser,Minimalist,Face Wash,Budget,191,191,0,3.7,1145,"Niacinamide, Zinc, SPF 50",Acne,False,2023-04-25,synthetic_nykaa_model,Budget (< ₹500)
NYK1021,Lotus Hyaluronic Acid Face Wash,Lotus,Face Wash,Budget,204,255,20,4.0,608,Hyaluronic Acid,Hydration,False,2024-08-03,synthetic_nykaa_model,Budget (< ₹500)
NYK1022,Paula's Choice Retinol Night Cream,Paula's Choice,Moisturiser,Premium,1277,1418,10,4.3,73,"SPF 50, Salicylic Acid, Retinol",Brightening,False,2024-11-06,synthetic_nykaa_model,Mid-range (₹500–1500)
NYK1023,CeraVe Glycerin Booster Serum,CeraVe,Face Serum,Mid-range,1229,1365,10,4.0,340,Glycerin,Sensitive Skin,False,2023-08-05,synthetic_nykaa_model,Mid-range (₹500–1500)
NYK1024,Plum Green Tea Extract Cleanser,Plum,Face Wash,Budget,438,461,5,4.3,254,"Green Tea Extract, Alpha Arbutin",Oil Control,False,2023-05-04,synthetic_nykaa_model,Budget (< ₹500)
NYK1025,Olay Zinc SPF 50 PA++++,Olay,Sunscreen,Mid-range,1606,1889,15,3.7,131,Zinc,Acne,False,2024-08-25,synthetic_nykaa_model,Premium (₹1500–4000)
NYK1026,Minimalist Salicylic Acid Sunscreen SPF 50,Minimalist,Sunscreen,Budget,235,276,15,3.9,1265,Salicylic Acid,Acne,False,2023-08-23,synthetic_nykaa_model,Budget (< ₹500)
NYK1027,The Ordinary Salicylic Acid Glow Oil,The Ordinary,Face Oil,Mid-range,762,762,0,3.8,171,"Salicylic Acid, Bakuchiol",Hydration,False,2023-10-13,synthetic_nykaa_model,Mid-range (₹500–1500)
NYK1028,SK-II Retinol Sheet Mask,SK-II,Face Mask,Premium,13161,17548,25,3.9,260,"Retinol, SPF 50, Peptides",Oil Control,False,2024-02-21,synthetic_nykaa_model,Luxury (₹4000+)
NYK1029,Wow Skin Kojic Acid Repair Serum,Wow Skin,Face Serum,Budget,1106,1474,25,4.0,1699,Kojic Acid,Pore Care,False,2024-03-09,synthetic_nykaa_model,Mid-range (₹500–1500)
NYK1030,Lotus Hyaluronic Acid Cream,Lotus,Moisturiser,Budget,372,496,25,4.0,1395,"Hyaluronic Acid, Vitamin C, Squalane",Sensitive Skin,False,2023-12-14,synthetic_nykaa_model,Budget (< ₹500)
NYK1031,Mamaearth Ceramides Repair Serum,Mamaearth,Face Serum,Budget,756,1008,25,4.0,282,Ceramides,Oil Control,False,2023-05-24,synthetic_nykaa_model,Mid-range (₹500–1500)
NYK1032,Minimalist Alpha Arbutin Serum,Minimalist,Face Serum,Budget,1123,1403,20,4.1,1605,"Alpha Arbutin, Peptides",Anti-Ageing,False,2024-07-17,synthetic_nykaa_model,Mid-range (₹500–1500)
NYK1033,Wow Skin Niacinamide Night Cream,Wow Skin,Moisturiser,Budget,250,312,20,4.4,1091,"Squalane, Niacinamide, Salicylic Acid",Hydration,False,2023-06-20,synthetic_nykaa_model,Budget (< ₹500)
NYK1034,Olay Ceramides UV Shield,Olay,Sunscreen,Mid-range,908,1008,10,3.8,643,"Ceramides, Centella Asiatica",Acne,False,2023-06-18,synthetic_nykaa_model,Mid-range (₹500–1500)
NYK1035,Innisfree Alpha Arbutin Eye Repair Cream,Innisfree,Eye Cream,Mid-range,1765,2076,15,4.0,4876,"Glycerin, Alpha Arbutin",Pigmentation,False,2024-03-09,synthetic_nykaa_model,Premium (₹1500–4000)
NYK1036,mCaffeine Ceramides Toner,mCaffeine,Toner,Budget,233,332,30,4.1,573,Ceramides,Pigmentation,False,2023-08-11,synthetic_nykaa_model,Budget (< ₹500)
NYK1037,Paula's Choice Zinc Facial Oil,Paula's Choice,Face Oil,Premium,4859,6478,25,4.0,14,"Zinc, Hyaluronic Acid, Bakuchiol",Oil Control,False,2024-05-29,synthetic_nykaa_model,Luxury (₹4000+)
NYK1038,Clinique AHA/BHA Gel Moisturiser,Clinique,Moisturiser,Premium,3017,4310,30,3.9,125,"Salicylic Acid, AHA/BHA, Squalane",Anti-Ageing,False,2024-11-22,synthetic_nykaa_model,Premium (₹1500–4000)
NYK1039,Mamaearth Peptides Sunscreen SPF 50,Mamaearth,Sunscreen,Budget,633,1055,40,3.9,168,Peptides,Acne,False,2024-09-26,synthetic_nykaa_model,Mid-range (₹500–1500)
NYK1040,Estee Lauder Zinc Eye Repair Cream,Estee Lauder,Eye Cream,Premium,15193,16881,10,4.7,164,"Bakuchiol, Zinc, Glycerin",Hydration,False,2024-11-16,synthetic_nykaa_model,Luxury (₹4000+)
NYK1041,Forest Essentials Glycerin Clay Mask,Forest Essentials,Face Mask,Premium,2137,3052,30,4.5,3142,Glycerin,Sensitive Skin,False,2023-05-15,synthetic_nykaa_model,Premium (₹1500–4000)
NYK1042,Forest Essentials Salicylic Acid Sunscreen SPF 50,Forest Essentials,Sunscreen,Premium,3016,4021,25,4.5,21,"Salicylic Acid, Niacinamide",Oil Control,False,2024-09-28,synthetic_nykaa_model,Premium (₹1500–4000)
NYK1043,Mamaearth Ceramides Sunscreen SPF 50,Mamaearth,Sunscreen,Budget,202,202,0,5.0,70,"Ceramides, Bakuchiol, Glycerin",Brightening,False,2023-12-24,synthetic_nykaa_model,Budget (< ₹500)
NYK1044,Biotique Benzoyl Peroxide Sunblock,Biotique,Sunscreen,Budget,213,213,0,4.4,4326,"Benzoyl Peroxide, AHA/BHA",Oil Control,False,2024-07-10,synthetic_nykaa_model,Budget (< ₹500)
NYK1045,mCaffeine Squalane Sunscreen SPF 50,mCaffeine,Sunscreen,Budget,376,376,0,3.9,304,"Squalane, Benzoyl Peroxide, Vitamin C",Brightening,False,2023-09-28,synthetic_nykaa_model,Budget (< ₹500)
NYK1046,CeraVe Glycerin SPF 50 PA++++,CeraVe,Sunscreen,Mid-range,487,608,20,4.2,150,"Squalane, Retinol, Glycerin",Pigmentation,False,2024-09-11,synthetic_nykaa_model,Budget (< ₹500)
NYK1047,Mamaearth Glycerin Serum,Mamaearth,Face Serum,Budget,275,423,35,4.2,1879,"Ceramides, Glycerin",Oil Control,True,2023-02-22,synthetic_nykaa_model,Budget (< ₹500)
NYK1048,Cetaphil Hyaluronic Acid Brightening Serum,Cetaphil,Face Serum,Mid-range,935,1100,15,3.8,692,"Hyaluronic Acid, Niacinamide",Pore Care,False,2023-05-14,synthetic_nykaa_model,Mid-range (₹500–1500)
NYK1049,Biotique Niacinamide Facial Oil,Biotique,Face Oil,Budget,654,817,20,5.0,2296,"Alpha Arbutin, Kojic Acid, Niacinamide",Anti-Ageing,False,2023-03-19,synthetic_nykaa_model,Mid-range (₹500–1500)
NYK1050,Cetaphil Green Tea Extract Gel Moisturiser,Cetaphil,Moisturiser,Mid-range,1324,1324,0,3.8,188,Green Tea Extract,Brightening,False,2024-03-16,synthetic_nykaa_model,Mid-range (₹500–1500)
NYK1051,Mamaearth Green Tea Extract Cleanser,Mamaearth,Face Wash,Budget,512,602,15,3.8,148,"Green Tea Extract, Hyaluronic Acid",Pore Care,False,2023-08-04,synthetic_nykaa_model,Mid-range (₹500–1500)
NYK1052,The Ordinary Squalane SPF 50 PA++++,The Ordinary,Sunscreen,Mid-range,540,600,10,4.2,260,"Squalane, Kojic Acid",Brightening,False,2023-08-31,synthetic_nykaa_model,Mid-range (₹500–1500)
NYK1053,Clinique AHA/BHA SPF 50 PA++++,Clinique,Sunscreen,Premium,5731,6032,5,4.4,36,"Niacinamide, AHA/BHA",Pore Care,False,2024-02-26,synthetic_nykaa_model,Luxury (₹4000+)
NYK1054,Minimalist Vitamin C UV Shield,Minimalist,Sunscreen,Budget,421,467,10,4.2,317,Vitamin C,Sensitive Skin,False,2023-02-09,synthetic_nykaa_model,Budget (< ₹500)
NYK1055,La Roche-Posay Alpha Arbutin Facial Oil,La Roche-Posay,Face Oil,Mid-range,4396,4884,10,4.2,123,Alpha Arbutin,Pore Care,False,2023-11-09,synthetic_nykaa_model,Luxury (₹4000+)
NYK1056,Mamaearth Ceramides Water Cream,Mamaearth,Moisturiser,Budget,309,309,0,4.3,2084,Ceramides,Sensitive Skin,True,2023-03-13,synthetic_nykaa_model,Budget (< ₹500)
NYK1057,Estee Lauder Bakuchiol Clarifying Toner,Estee Lauder,Toner,Premium,9185,12246,25,4.0,38,"Bakuchiol, Centella Asiatica, Zinc",Acne,False,2023-04-29,synthetic_nykaa_model,Luxury (₹4000+)
NYK1058,Kiehl's Hyaluronic Acid Eye Repair Cream,Kiehl's,Eye Cream,Premium,5082,5646,10,4.3,34,"Glycerin, Hyaluronic Acid, Vitamin C",Sensitive Skin,False,2023-12-20,synthetic_nykaa_model,Luxury (₹4000+)
NYK1059,SK-II Vitamin C Sheet Mask,SK-II,Face Mask,Premium,14868,16520,10,4.6,150,"Bakuchiol, Vitamin C",Sensitive Skin,False,2024-08-13,synthetic_nykaa_model,Luxury (₹4000+)
NYK1060,Plum Kojic Acid Acne Gel,Plum,Spot Treatment,Budget,630,700,10,3.9,499,Kojic Acid,Acne,False,2024-06-16,synthetic_nykaa_model,Mid-range (₹500–1500)
NYK1061,Minimalist Zinc Spot Gel,Minimalist,Spot Treatment,Budget,576,576,0,4.1,568,"Salicylic Acid, Zinc",Pore Care,False,2024-11-10,synthetic_nykaa_model,Mid-range (₹500–1500)
NYK1062,La Mer Zinc Sunblock,La Mer,Sunscreen,Premium,9462,10513,10,5.0,222,"Benzoyl Peroxide, Kojic Acid, Zinc",Sensitive Skin,False,2024-12-14,synthetic_nykaa_model,Luxury (₹4000+)
NYK1063,Kiehl's Ceramides Under Eye Serum,Kiehl's,Eye Cream,Premium,3368,4210,20,4.3,27,Ceramides,Sensitive Skin,False,2024-11-11,synthetic_nykaa_model,Premium (₹1500–4000)
NYK1064,Mamaearth Centella Asiatica SPF 50 PA++++,Mamaearth,Sunscreen,Budget,481,534,10,3.8,1389,"Benzoyl Peroxide, Centella Asiatica, Niacinamide",Pigmentation,False,2023-10-21,synthetic_nykaa_model,Budget (< ₹500)
NYK1065,Plum Bakuchiol Booster Serum,Plum,Face Serum,Budget,878,1097,20,3.7,878,"Zinc, Alpha Arbutin, Bakuchiol",Oil Control,False,2024-11-22,synthetic_nykaa_model,Mid-range (₹500–1500)
NYK1066,Mamaearth AHA/BHA AHA Exfoliator,Mamaearth,Exfoliant / Scrub,Budget,228,304,25,3.2,299,"AHA/BHA, Salicylic Acid",Pigmentation,False,2024-06-11,synthetic_nykaa_model,Budget (< ₹500)
NYK1067,Mamaearth Benzoyl Peroxide Eye Cream,Mamaearth,Eye Cream,Budget,978,1150,15,4.3,548,Benzoyl Peroxide,Hydration,False,2023-07-23,synthetic_nykaa_model,Mid-range (₹500–1500)
NYK1068,Plum Peptides Face Wash,Plum,Face Wash,Budget,292,292,0,3.8,3057,Peptides,Oil Control,False,2024-09-17,synthetic_nykaa_model,Budget (< ₹500)
NYK1069,La Roche-Posay Ceramides Facial Oil,La Roche-Posay,Face Oil,Mid-range,2750,3055,10,4.4,157,"Ceramides, Centella Asiatica",Oil Control,False,2024-02-14,synthetic_nykaa_model,Premium (₹1500–4000)
NYK1070,mCaffeine Niacinamide Glow Oil,mCaffeine,Face Oil,Budget,648,648,0,3.9,1174,"Niacinamide, Vitamin C, Kojic Acid",Hydration,False,2023-06-30,synthetic_nykaa_model,Mid-range (₹500–1500)
NYK1071,CeraVe Vitamin C Sunblock,CeraVe,Sunscreen,Mid-range,1009,1261,20,5.0,105,"Peptides, Vitamin C, Alpha Arbutin",Brightening,False,2024-04-20,synthetic_nykaa_model,Mid-range (₹500–1500)
NYK1072,La Roche-Posay Kojic Acid Pimple Patch,La Roche-Posay,Spot Treatment,Mid-range,2862,3180,10,3.8,205,"Bakuchiol, Kojic Acid, Alpha Arbutin",Brightening,False,2024-05-01,synthetic_nykaa_model,Premium (₹1500–4000)
NYK1073,The Ordinary Glycerin UV Shield,The Ordinary,Sunscreen,Mid-range,392,392,0,4.2,1927,Glycerin,Oil Control,False,2023-10-09,synthetic_nykaa_model,Budget (< ₹500)
NYK1074,Biotique Benzoyl Peroxide Face Mask,Biotique,Face Mask,Budget,224,320,30,4.1,1620,"Benzoyl Peroxide, Peptides, Glycerin",Pore Care,False,2023-11-24,synthetic_nykaa_model,Budget (< ₹500)
NYK1075,Cetaphil Peptides Facial Oil,Cetaphil,Face Oil,Mid-range,2137,2849,25,4.6,146,Peptides,Sensitive Skin,False,2024-12-11,synthetic_nykaa_model,Premium (₹1500–4000)
NYK1076,Paula's Choice Kojic Acid Repair Serum,Paula's Choice,Face Serum,Premium,1784,2744,35,4.8,87,Kojic Acid,Sensitive Skin,False,2023-12-05,synthetic_nykaa_model,Premium (₹1500–4000)
NYK1077,Neutrogena Ceramides Face Wash,Neutrogena,Face Wash,Mid-range,733,814,10,4.1,257,Ceramides,Sensitive Skin,False,2024-02-03,synthetic_nykaa_model,Mid-range (₹500–1500)
NYK1078,The Body Shop Niacinamide Glow Oil,The Body Shop,Face Oil,Premium,2306,2712,15,4.5,16,"Niacinamide, Green Tea Extract",Pigmentation,False,2024-02-04,synthetic_nykaa_model,Premium (₹1500–4000)
NYK1079,Olay Glycerin Sunscreen SPF 50,Olay,Sunscreen,Mid-range,1194,1326,10,4.2,107,"Peptides, Glycerin",Sensitive Skin,False,2024-05-12,synthetic_nykaa_model,Mid-range (₹500–1500)
NYK1080,CeraVe Centella Asiatica Eye Repair Cream,CeraVe,Eye Cream,Mid-range,2659,3128,15,4.1,756,"Centella Asiatica, AHA/BHA",Oil Control,False,2023-05-11,synthetic_nykaa_model,Premium (₹1500–4000)
NYK1081,Cetaphil Niacinamide Booster Serum,Cetaphil,Face Serum,Mid-range,1171,1171,0,4.4,1102,"Niacinamide, Salicylic Acid",Sensitive Skin,True,2024-04-17,synthetic_nykaa_model,Mid-range (₹500–1500)
NYK1082,Garnier Zinc Water Cream,Garnier,Moisturiser,Mid-range,869,965,10,3.4,648,"Centella Asiatica, Zinc",Hydration,False,2024-04-10,synthetic_nykaa_model,Mid-range (₹500–1500)
NYK1083,Lotus Glycerin Gel Cleanser,Lotus,Face Wash,Budget,206,257,20,4.7,126,"Glycerin, Kojic Acid",Pigmentation,False,2023-03-25,synthetic_nykaa_model,Budget (< ₹500)
NYK1084,Clinique Green Tea Extract Face Oil,Clinique,Face Oil,Premium,2313,2721,15,4.3,66,"Squalane, Hyaluronic Acid, Green Tea Extract",Hydration,False,2024-10-27,synthetic_nykaa_model,Premium (₹1500–4000)
NYK1085,Lotus Niacinamide Sunscreen SPF 50,Lotus,Sunscreen,Budget,321,337,5,4.1,215,Niacinamide,Hydration,False,2023-07-24,synthetic_nykaa_model,Budget (< ₹500)
NYK1086,Dot & Key Retinol Cream,Dot & Key,Moisturiser,Budget,635,793,20,4.4,389,Retinol,Oil Control,False,2024-11-16,synthetic_nykaa_model,Mid-range (₹500–1500)
NYK1087,Minimalist Glycerin Serum,Minimalist,Face Serum,Budget,495,550,10,3.8,192,"Glycerin, Green Tea Extract",Brightening,False,2024-09-12,synthetic_nykaa_model,Budget (< ₹500)
NYK1088,mCaffeine Niacinamide Night Cream,mCaffeine,Moisturiser,Budget,795,795,0,3.9,1233,"Vitamin C, Niacinamide",Pigmentation,False,2024-08-12,synthetic_nykaa_model,Mid-range (₹500–1500)
NYK1089,Mamaearth Peptides Clay Mask,Mamaearth,Face Mask,Budget,637,910,30,3.8,510,"Ceramides, Salicylic Acid, Peptides",Anti-Ageing,False,2024-12-14,synthetic_nykaa_model,Mid-range (₹500–1500)
NYK1090,Forest Essentials Vitamin C Under Eye Serum,Forest Essentials,Eye Cream,Premium,3189,3543,10,4.1,716,"Vitamin C, Hyaluronic Acid, Green Tea Extract",Sensitive Skin,False,2024-11-08,synthetic_nykaa_model,Premium (₹1500–4000)
NYK1091,The Ordinary Niacinamide Gel Cleanser,The Ordinary,Face Wash,Mid-range,439,548,20,4.3,344,"Zinc, Niacinamide, Kojic Acid",Oil Control,False,2023-04-19,synthetic_nykaa_model,Budget (< ₹500)
NYK1092,CeraVe Kojic Acid Foaming Cleanser,CeraVe,Face Wash,Mid-range,736,865,15,3.7,100,"Alpha Arbutin, Retinol, Kojic Acid",Brightening,False,2024-06-18,synthetic_nykaa_model,Mid-range (₹500–1500)
NYK1093,The Ordinary SPF 50 Booster Serum,The Ordinary,Face Serum,Mid-range,663,736,10,3.8,74,"SPF 50, Alpha Arbutin, Kojic Acid",Pigmentation,False,2023-11-27,synthetic_nykaa_model,Mid-range (₹500–1500)
NYK1094,Plum Peptides Pimple Patch,Plum,Spot Treatment,Budget,720,900,20,4.3,233,"Alpha Arbutin, Peptides",Oil Control,False,2024-08-06,synthetic_nykaa_model,Mid-range (₹500–1500)
NYK1095,CeraVe SPF 50 UV Shield,CeraVe,Sunscreen,Mid-range,988,1235,20,3.7,198,SPF 50,Pore Care,False,2023-07-06,synthetic_nykaa_model,Mid-range (₹500–1500)
NYK1096,Biotique Glycerin Water Cream,Biotique,Moisturiser,Budget,387,430,10,4.9,687,"Glycerin, Zinc",Pigmentation,False,2024-09-02,synthetic_nykaa_model,Budget (< ₹500)
NYK1097,Wow Skin Peptides Booster Serum,Wow Skin,Face Serum,Budget,475,500,5,3.6,370,"Ceramides, Salicylic Acid, Peptides",Sensitive Skin,False,2024-05-15,synthetic_nykaa_model,Budget (< ₹500)
NYK1098,Dot & Key SPF 50 Water Cream,Dot & Key,Moisturiser,Budget,661,734,10,3.5,1062,"SPF 50, Alpha Arbutin",Acne,False,2023-04-06,synthetic_nykaa_model,Mid-range (₹500–1500)
NYK1099,Clinique Benzoyl Peroxide Clay Mask,Clinique,Face Mask,Premium,2989,3321,10,4.5,25,"Peptides, Benzoyl Peroxide",Pore Care,False,2024-04-29,synthetic_nykaa_model,Premium (₹1500–4000)
NYK1100,SK-II Zinc Sunblock,SK-II,Sunscreen,Premium,4515,5643,20,4.5,37,"Squalane, Zinc, Green Tea Extract",Oil Control,False,2023-10-05,synthetic_nykaa_model,Luxury (₹4000+)
NYK1101,Cetaphil Vitamin C Face Wash,Cetaphil,Face Wash,Mid-range,418,440,5,4.2,90,Vitamin C,Hydration,False,2023-11-20,synthetic_nykaa_model,Budget (< ₹500)
NYK1102,Biotique Ceramides Sunblock,Biotique,Sunscreen,Budget,246,289,15,3.3,556,Ceramides,Oil Control,False,2023-10-11,synthetic_nykaa_model,Budget (< ₹500)
NYK1103,Plum Benzoyl Peroxide Booster Serum,Plum,Face Serum,Budget,473,788,40,4.4,332,Benzoyl Peroxide,Hydration,False,2024-01-05,synthetic_nykaa_model,Budget (< ₹500)
NYK1104,Wow Skin Squalane Toner,Wow Skin,Toner,Budget,358,421,15,4.6,79,Squalane,Brightening,False,2023-10-08,synthetic_nykaa_model,Budget (< ₹500)
NYK1105,SK-II Retinol Clay Mask,SK-II,Face Mask,Premium,6897,10610,35,4.4,36,"Benzoyl Peroxide, Retinol, SPF 50",Anti-Ageing,False,2023-01-13,synthetic_nykaa_model,Luxury (₹4000+)
NYK1106,La Mer Zinc Brightening Serum,La Mer,Face Serum,Premium,18760,22070,15,4.2,59,"Alpha Arbutin, Zinc",Brightening,False,2023-02-22,synthetic_nykaa_model,Luxury (₹4000+)
NYK1107,The Body Shop Salicylic Acid Cream,The Body Shop,Moisturiser,Premium,1873,1971,5,4.4,43,Salicylic Acid,Sensitive Skin,False,2024-05-18,synthetic_nykaa_model,Premium (₹1500–4000)
NYK1108,Olay Retinol Cleanser,Olay,Face Wash,Mid-range,1044,1160,10,4.0,185,Retinol,Pigmentation,False,2023-03-29,synthetic_nykaa_model,Mid-range (₹500–1500)
NYK1109,The Ordinary Peptides Gel Cleanser,The Ordinary,Face Wash,Mid-range,772,857,10,4.1,1547,"Kojic Acid, Peptides, Centella Asiatica",Oil Control,False,2023-11-01,synthetic_nykaa_model,Mid-range (₹500–1500)
NYK1110,mCaffeine Hyaluronic Acid Spot Gel,mCaffeine,Spot Treatment,Budget,507,724,30,2.8,230,"Hyaluronic Acid, Vitamin C, Ceramides",Hydration,False,2023-09-28,synthetic_nykaa_model,Mid-range (₹500–1500)
NYK1111,La Mer AHA/BHA Sunscreen SPF 50,La Mer,Sunscreen,Premium,13931,15478,10,4.4,44,AHA/BHA,Anti-Ageing,False,2023-06-10,synthetic_nykaa_model,Luxury (₹4000+)
NYK1112,Innisfree Benzoyl Peroxide Foaming Cleanser,Innisfree,Face Wash,Mid-range,895,942,5,4.2,73,"SPF 50, Benzoyl Peroxide",Acne,False,2023-08-26,synthetic_nykaa_model,Mid-range (₹500–1500)
NYK1113,Kiehl's Salicylic Acid Booster Serum,Kiehl's,Face Serum,Premium,3125,3676,15,4.5,93,"Alpha Arbutin, Salicylic Acid, Peptides",Pigmentation,False,2024-10-02,synthetic_nykaa_model,Premium (₹1500–4000)
NYK1114,Lotus Squalane Sheet Mask,Lotus,Face Mask,Budget,310,387,20,3.4,398,Squalane,Hydration,False,2024-10-25,synthetic_nykaa_model,Budget (< ₹500)
NYK1115,Kiehl's Salicylic Acid Clarifying Toner,Kiehl's,Toner,Premium,2241,2636,15,4.4,435,Salicylic Acid,Acne,False,2023-06-19,synthetic_nykaa_model,Premium (₹1500–4000)
NYK1116,Wow Skin Alpha Arbutin Night Cream,Wow Skin,Moisturiser,Budget,187,220,15,4.6,826,"Vitamin C, Alpha Arbutin",Pigmentation,False,2024-12-17,synthetic_nykaa_model,Budget (< ₹500)
NYK1117,Innisfree SPF 50 Serum,Innisfree,Face Serum,Mid-range,3935,5246,25,4.1,543,"Squalane, SPF 50, Alpha Arbutin",Anti-Ageing,False,2024-09-04,synthetic_nykaa_model,Premium (₹1500–4000)
NYK1118,Garnier Niacinamide Spot Gel,Garnier,Spot Treatment,Mid-range,432,508,15,4.3,55,"Zinc, Glycerin, Niacinamide",Anti-Ageing,False,2023-08-23,synthetic_nykaa_model,Budget (< ₹500)
NYK1119,Kiehl's AHA/BHA Glow Oil,Kiehl's,Face Oil,Premium,9290,13271,30,4.0,58,"Hyaluronic Acid, AHA/BHA",Oil Control,False,2024-06-15,synthetic_nykaa_model,Luxury (₹4000+)
NYK1120,Paula's Choice Kojic Acid Sleeping Mask,Paula's Choice,Face Mask,Premium,2804,3298,15,4.7,37,Kojic Acid,Oil Control,False,2023-04-04,synthetic_nykaa_model,Premium (₹1500–4000)
NYK1121,Lotus Squalane Under Eye Serum,Lotus,Eye Cream,Budget,473,473,0,3.4,91,"Zinc, Squalane",Anti-Ageing,False,2023-06-14,synthetic_nykaa_model,Budget (< ₹500)
NYK1122,CeraVe Benzoyl Peroxide Spot Gel,CeraVe,Spot Treatment,Mid-range,665,831,20,3.6,46,"SPF 50, Benzoyl Peroxide, Centella Asiatica",Acne,False,2024-04-10,synthetic_nykaa_model,Mid-range (₹500–1500)
NYK1123,Neutrogena Vitamin C Serum,Neutrogena,Face Serum,Mid-range,1127,1186,5,3.0,230,"Zinc, Vitamin C",Sensitive Skin,False,2024-06-10,synthetic_nykaa_model,Mid-range (₹500–1500)
NYK1124,SK-II Ceramides Night Cream,SK-II,Moisturiser,Premium,17190,17190,0,4.7,24,"Hyaluronic Acid, Ceramides",Pore Care,False,2024-09-29,synthetic_nykaa_model,Luxury (₹4000+)
NYK1125,Paula's Choice Ceramides Booster Serum,Paula's Choice,Face Serum,Premium,3894,4326,10,5.0,70,Ceramides,Pigmentation,False,2024-07-16,synthetic_nykaa_model,Premium (₹1500–4000)
NYK1126,Mamaearth SPF 50 Eye Repair Cream,Mamaearth,Eye Cream,Budget,651,685,5,3.8,14529,"SPF 50, Vitamin C",Acne,False,2024-10-07,synthetic_nykaa_model,Mid-range (₹500–1500)
NYK1127,Mamaearth AHA/BHA Eye Cream,Mamaearth,Eye Cream,Budget,412,484,15,2.6,2464,"AHA/BHA, Benzoyl Peroxide, Niacinamide",Sensitive Skin,False,2023-04-06,synthetic_nykaa_model,Budget (< ₹500)
NYK1128,The Ordinary Retinol Sunblock,The Ordinary,Sunscreen,Mid-range,558,744,25,4.0,207,"Vitamin C, Retinol",Oil Control,False,2023-10-26,synthetic_nykaa_model,Mid-range (₹500–1500)
NYK1129,Wow Skin Peptides SPF 50 PA++++,Wow Skin,Sunscreen,Budget,378,420,10,4.4,3059,"SPF 50, Peptides",Oil Control,False,2024-07-18,synthetic_nykaa_model,Budget (< ₹500)
NYK1130,Minimalist Bakuchiol Water Cream,Minimalist,Moisturiser,Budget,579,579,0,3.3,748,Bakuchiol,Brightening,False,2023-03-13,synthetic_nykaa_model,Mid-range (₹500–1500)
NYK1131,Dot & Key Glycerin Sunblock,Dot & Key,Sunscreen,Budget,558,587,5,3.8,424,"Bakuchiol, Glycerin",Acne,False,2023-10-17,synthetic_nykaa_model,Mid-range (₹500–1500)
NYK1132,Kiehl's Alpha Arbutin Clay Mask,Kiehl's,Face Mask,Premium,3102,3877,20,4.7,34,Alpha Arbutin,Oil Control,False,2023-12-20,synthetic_nykaa_model,Premium (₹1500–4000)
NYK1133,Estee Lauder Zinc Repair Serum,Estee Lauder,Face Serum,Premium,6086,6086,0,4.4,19,"Zinc, Ceramides",Hydration,False,2024-08-08,synthetic_nykaa_model,Luxury (₹4000+)
NYK1134,Cetaphil Hyaluronic Acid Pimple Patch,Cetaphil,Spot Treatment,Mid-range,672,746,10,4.5,1040,"Hyaluronic Acid, Zinc",Oil Control,False,2024-01-26,synthetic_nykaa_model,Mid-range (₹500–1500)
NYK1135,Wow Skin Hyaluronic Acid UV Shield,Wow Skin,Sunscreen,Budget,170,188,10,2.9,5093,"Hyaluronic Acid, Retinol",Pore Care,False,2023-04-13,synthetic_nykaa_model,Budget (< ₹500)
NYK1136,Biotique Alpha Arbutin Facial Oil,Biotique,Face Oil,Budget,347,462,25,4.1,2134,"Alpha Arbutin, Niacinamide, Retinol",Sensitive Skin,False,2024-11-01,synthetic_nykaa_model,Budget (< ₹500)
NYK1137,Forest Essentials Zinc Face Wash,Forest Essentials,Face Wash,Premium,1661,1661,0,4.4,12,"Glycerin, Zinc",Sensitive Skin,False,2024-10-27,synthetic_nykaa_model,Premium (₹1500–4000)
NYK1138,Olay Zinc Cream,Olay,Moisturiser,Mid-range,1167,1945,40,4.0,59,"Squalane, Centella Asiatica, Zinc",Oil Control,False,2024-07-08,synthetic_nykaa_model,Mid-range (₹500–1500)
NYK1139,Wow Skin Peptides Serum,Wow Skin,Face Serum,Budget,471,672,30,4.0,205,Peptides,Pigmentation,False,2023-08-21,synthetic_nykaa_model,Budget (< ₹500)
NYK1140,Wow Skin Vitamin C Sunblock,Wow Skin,Sunscreen,Budget,451,474,5,4.1,4650,Vitamin C,Oil Control,False,2023-06-20,synthetic_nykaa_model,Budget (< ₹500)
NYK1141,Olay Zinc Brightening Serum,Olay,Face Serum,Mid-range,2477,3538,30,3.4,59,Zinc,Acne,False,2023-10-28,synthetic_nykaa_model,Premium (₹1500–4000)
NYK1142,CeraVe Retinol Booster Serum,CeraVe,Face Serum,Mid-range,1714,1714,0,3.8,50,"Retinol, Peptides",Sensitive Skin,False,2024-08-02,synthetic_nykaa_model,Premium (₹1500–4000)
NYK1143,The Ordinary Salicylic Acid Gel Moisturiser,The Ordinary,Moisturiser,Mid-range,857,952,10,3.7,779,Salicylic Acid,Sensitive Skin,False,2024-09-26,synthetic_nykaa_model,Mid-range (₹500–1500)
NYK1144,La Roche-Posay Alpha Arbutin Foaming Cleanser,La Roche-Posay,Face Wash,Mid-range,1164,1455,20,4.2,477,"Retinol, Peptides, Alpha Arbutin",Pigmentation,False,2024-04-15,synthetic_nykaa_model,Mid-range (₹500–1500)
NYK1145,Mamaearth Alpha Arbutin Cleanser,Mamaearth,Face Wash,Budget,156,183,15,4.5,286,Alpha Arbutin,Pigmentation,False,2024-11-24,synthetic_nykaa_model,Budget (< ₹500)
NYK1146,Plum Benzoyl Peroxide Brightening Serum,Plum,Face Serum,Budget,539,673,20,4.8,102,"Green Tea Extract, Benzoyl Peroxide",Sensitive Skin,False,2024-12-07,synthetic_nykaa_model,Mid-range (₹500–1500)
NYK1147,Forest Essentials Centella Asiatica Eye Cream,Forest Essentials,Eye Cream,Premium,3337,4171,20,4.5,13,"Ceramides, Centella Asiatica",Oil Control,False,2023-04-20,synthetic_nykaa_model,Premium (₹1500–4000)
NYK1148,The Ordinary Benzoyl Peroxide Repair Serum,The Ordinary,Face Serum,Mid-range,886,932,5,4.3,789,"Green Tea Extract, Benzoyl Peroxide, Bakuchiol",Acne,False,2024-11-05,synthetic_nykaa_model,Mid-range (₹500–1500)
NYK1149,Kiehl's Hyaluronic Acid Eye Cream,Kiehl's,Eye Cream,Premium,5338,6672,20,4.6,105,Hyaluronic Acid,Oil Control,False,2023-10-21,synthetic_nykaa_model,Luxury (₹4000+)
NYK1150,Wow Skin Ceramides Cleanser,Wow Skin,Face Wash,Budget,284,298,5,4.0,1776,Ceramides,Pigmentation,False,2024-11-25,synthetic_nykaa_model,Budget (< ₹500)
NYK1151,Minimalist Alpha Arbutin Clarifying Toner,Minimalist,Toner,Budget,400,444,10,3.9,1506,"Hyaluronic Acid, Benzoyl Peroxide, Alpha Arbutin",Acne,False,2024-08-16,synthetic_nykaa_model,Budget (< ₹500)
NYK1152,Clinique Salicylic Acid Sleeping Mask,Clinique,Face Mask,Premium,4277,4277,0,4.1,16,Salicylic Acid,Pigmentation,False,2023-12-01,synthetic_nykaa_model,Luxury (₹4000+)
NYK1153,Plum Retinol Brightening Serum,Plum,Face Serum,Budget,650,812,20,4.5,227,Retinol,Pore Care,False,2024-06-27,synthetic_nykaa_model,Mid-range (₹500–1500)
NYK1154,Mamaearth SPF 50 Cream,Mamaearth,Moisturiser,Budget,630,700,10,4.0,1884,"SPF 50, Benzoyl Peroxide",Pore Care,False,2024-04-24,synthetic_nykaa_model,Mid-range (₹500–1500)
NYK1155,Innisfree Centella Asiatica Night Cream,Innisfree,Moisturiser,Mid-range,1324,1324,0,4.1,789,Centella Asiatica,Pore Care,False,2023-04-03,synthetic_nykaa_model,Mid-range (₹500–1500)
NYK1156,La Mer Vitamin C Eye Repair Cream,La Mer,Eye Cream,Premium,18690,21988,15,4.8,167,"Squalane, Vitamin C",Oil Control,False,2024-01-13,synthetic_nykaa_model,Luxury (₹4000+)
NYK1157,Paula's Choice Vitamin C Eye Cream,Paula's Choice,Eye Cream,Premium,4464,4960,10,4.9,39,"Centella Asiatica, Green Tea Extract, Vitamin C",Hydration,False,2024-04-27,synthetic_nykaa_model,Luxury (₹4000+)
NYK1158,Wow Skin Salicylic Acid Brightening Serum,Wow Skin,Face Serum,Budget,284,315,10,3.4,65,"Zinc, Peptides, Salicylic Acid",Oil Control,False,2024-12-18,synthetic_nykaa_model,Budget (< ₹500)
NYK1159,Garnier Retinol Water Cream,Garnier,Moisturiser,Mid-range,393,561,30,4.5,193,"Vitamin C, Retinol",Acne,False,2023-02-08,synthetic_nykaa_model,Budget (< ₹500)
NYK1160,La Mer Vitamin C Cleanser,La Mer,Face Wash,Premium,6615,11025,40,4.4,214,Vitamin C,Hydration,False,2024-07-04,synthetic_nykaa_model,Luxury (₹4000+)
NYK1161,CeraVe Kojic Acid Cream,CeraVe,Moisturiser,Mid-range,1940,2042,5,3.9,132,"Green Tea Extract, Kojic Acid",Brightening,False,2024-02-29,synthetic_nykaa_model,Premium (₹1500–4000)
NYK1162,The Body Shop Glycerin Night Cream,The Body Shop,Moisturiser,Premium,2959,3698,20,4.1,94,"Kojic Acid, Glycerin, Hyaluronic Acid",Pore Care,False,2023-08-11,synthetic_nykaa_model,Premium (₹1500–4000)
NYK1163,mCaffeine Green Tea Extract Water Cream,mCaffeine,Moisturiser,Budget,350,411,15,4.7,5739,Green Tea Extract,Anti-Ageing,False,2024-12-03,synthetic_nykaa_model,Budget (< ₹500)
NYK1164,Mamaearth Centella Asiatica Face Mask,Mamaearth,Face Mask,Budget,337,449,25,3.7,1276,Centella Asiatica,Pigmentation,False,2023-07-14,synthetic_nykaa_model,Budget (< ₹500)
NYK1165,La Roche-Posay Ceramides Brightening Serum,La Roche-Posay,Face Serum,Mid-range,2659,2954,10,3.5,109,Ceramides,Acne,False,2023-02-21,synthetic_nykaa_model,Premium (₹1500–4000)
NYK1166,Kiehl's Ceramides Cleanser,Kiehl's,Face Wash,Premium,1868,2490,25,4.4,2,Ceramides,Anti-Ageing,False,2024-07-21,synthetic_nykaa_model,Premium (₹1500–4000)
NYK1167,Innisfree Zinc Face Mask,Innisfree,Face Mask,Mid-range,973,1081,10,4.4,1865,Zinc,Brightening,False,2024-09-02,synthetic_nykaa_model,Mid-range (₹500–1500)
NYK1168,Wow Skin Retinol Face Mask,Wow Skin,Face Mask,Budget,473,630,25,4.5,1082,Retinol,Pigmentation,False,2023-06-28,synthetic_nykaa_model,Budget (< ₹500)
NYK1169,Clinique Niacinamide Clarifying Toner,Clinique,Toner,Premium,3056,3820,20,4.8,127,Niacinamide,Pore Care,False,2023-09-01,synthetic_nykaa_model,Premium (₹1500–4000)
NYK1170,Dot & Key Glycerin Pimple Patch,Dot & Key,Spot Treatment,Budget,582,646,10,4.0,290,Glycerin,Acne,False,2023-05-10,synthetic_nykaa_model,Mid-range (₹500–1500)
NYK1171,Forest Essentials SPF 50 Face Mask,Forest Essentials,Face Mask,Premium,3139,3692,15,4.4,69,"Salicylic Acid, SPF 50, Alpha Arbutin",Pore Care,False,2024-06-09,synthetic_nykaa_model,Premium (₹1500–4000)
NYK1172,Olay Peptides Cream,Olay,Moisturiser,Mid-range,1378,1722,20,5.0,328,"Peptides, Hyaluronic Acid, Benzoyl Peroxide",Oil Control,False,2024-10-20,synthetic_nykaa_model,Mid-range (₹500–1500)
NYK1173,CeraVe Centella Asiatica Glow Oil,CeraVe,Face Oil,Mid-range,1433,1592,10,4.3,300,"Centella Asiatica, Kojic Acid",Anti-Ageing,False,2024-05-17,synthetic_nykaa_model,Mid-range (₹500–1500)
NYK1174,Plum Zinc Facial Oil,Plum,Face Oil,Budget,538,597,10,4.0,430,Zinc,Brightening,False,2023-03-09,synthetic_nykaa_model,Mid-range (₹500–1500)
NYK1175,La Roche-Posay Squalane Night Cream,La Roche-Posay,Moisturiser,Mid-range,1488,1750,15,3.9,370,"Squalane, Zinc, Centella Asiatica",Pigmentation,False,2024-04-09,synthetic_nykaa_model,Mid-range (₹500–1500)
NYK1176,The Body Shop Ceramides Repair Serum,The Body Shop,Face Serum,Premium,4047,5058,20,4.3,12,"Vitamin C, Ceramides, Kojic Acid",Oil Control,False,2023-08-22,synthetic_nykaa_model,Luxury (₹4000+)
NYK1177,Paula's Choice Kojic Acid Gel Cleanser,Paula's Choice,Face Wash,Premium,1517,1784,15,4.5,40,"Centella Asiatica, Kojic Acid",Anti-Ageing,False,2023-11-17,synthetic_nykaa_model,Premium (₹1500–4000)
NYK1178,Garnier Glycerin Cream,Garnier,Moisturiser,Mid-range,653,816,20,3.9,191,"Glycerin, Green Tea Extract, Retinol",Oil Control,False,2023-03-10,synthetic_nykaa_model,Mid-range (₹500–1500)
NYK1179,La Mer Kojic Acid Cleanser,La Mer,Face Wash,Premium,6559,7716,15,3.8,33,Kojic Acid,Anti-Ageing,False,2024-01-17,synthetic_nykaa_model,Luxury (₹4000+)
NYK1180,Paula's Choice Vitamin C Gel Cleanser,Paula's Choice,Face Wash,Premium,1608,1692,5,4.4,71,"Squalane, Zinc, Vitamin C",Sensitive Skin,False,2023-12-29,synthetic_nykaa_model,Premium (₹1500–4000)
NYK1181,The Ordinary Benzoyl Peroxide Face Mask,The Ordinary,Face Mask,Mid-range,710,835,15,4.2,404,Benzoyl Peroxide,Pigmentation,False,2023-12-27,synthetic_nykaa_model,Mid-range (₹500–1500)
NYK1182,The Body Shop SPF 50 Clay Mask,The Body Shop,Face Mask,Premium,2479,2479,0,4.8,232,SPF 50,Hydration,False,2023-04-21,synthetic_nykaa_model,Premium (₹1500–4000)
NYK1183,Neutrogena Glycerin Serum,Neutrogena,Face Serum,Mid-range,1466,1466,0,3.8,1774,Glycerin,Hydration,False,2024-03-15,synthetic_nykaa_model,Mid-range (₹500–1500)
NYK1184,mCaffeine AHA/BHA Foaming Cleanser,mCaffeine,Face Wash,Budget,292,324,10,3.6,310,AHA/BHA,Pigmentation,False,2024-12-20,synthetic_nykaa_model,Budget (< ₹500)
NYK1185,Neutrogena Niacinamide Repair Serum,Neutrogena,Face Serum,Mid-range,1749,1749,0,3.9,17,"Niacinamide, AHA/BHA",Brightening,False,2024-08-02,synthetic_nykaa_model,Premium (₹1500–4000)
NYK1186,Innisfree Niacinamide Gel Moisturiser,Innisfree,Moisturiser,Mid-range,1579,1973,20,4.3,238,Niacinamide,Anti-Ageing,False,2024-06-27,synthetic_nykaa_model,Premium (₹1500–4000)
NYK1187,Plum Zinc Water Cream,Plum,Moisturiser,Budget,343,571,40,3.9,165,"Alpha Arbutin, Zinc",Brightening,False,2024-01-14,synthetic_nykaa_model,Budget (< ₹500)
NYK1188,Innisfree Retinol Toner,Innisfree,Toner,Mid-range,944,1048,10,4.1,93,"Salicylic Acid, Hyaluronic Acid, Retinol",Brightening,False,2024-09-24,synthetic_nykaa_model,Mid-range (₹500–1500)
NYK1189,Lotus Glycerin Repair Serum,Lotus,Face Serum,Budget,408,408,0,3.4,474,Glycerin,Oil Control,False,2024-11-08,synthetic_nykaa_model,Budget (< ₹500)
NYK1190,La Roche-Posay Kojic Acid Toner,La Roche-Posay,Toner,Mid-range,974,1025,5,4.3,331,"Alpha Arbutin, Kojic Acid, Glycerin",Hydration,False,2024-06-08,synthetic_nykaa_model,Mid-range (₹500–1500)
NYK1191,Garnier Vitamin C Brightening Serum,Garnier,Face Serum,Mid-range,589,841,30,4.1,120,"Vitamin C, Benzoyl Peroxide",Oil Control,False,2024-06-23,synthetic_nykaa_model,Mid-range (₹500–1500)
NYK1192,Garnier Centella Asiatica Sheet Mask,Garnier,Face Mask,Mid-range,902,1002,10,4.4,277,Centella Asiatica,Acne,False,2023-01-08,synthetic_nykaa_model,Mid-range (₹500–1500)
NYK1193,Forest Essentials Retinol Foaming Cleanser,Forest Essentials,Face Wash,Premium,2342,2755,15,4.9,81,Retinol,Pigmentation,False,2023-10-24,synthetic_nykaa_model,Premium (₹1500–4000)
NYK1194,Mamaearth SPF 50 Booster Serum,Mamaearth,Face Serum,Budget,393,524,25,3.7,192,SPF 50,Sensitive Skin,False,2023-06-29,synthetic_nykaa_model,Budget (< ₹500)
NYK1195,The Body Shop Bakuchiol Sunscreen SPF 50,The Body Shop,Sunscreen,Premium,1346,1583,15,4.9,103,"Peptides, Bakuchiol, Green Tea Extract",Anti-Ageing,False,2024-02-11,synthetic_nykaa_model,Mid-range (₹500–1500)
NYK1196,mCaffeine Alpha Arbutin Peel,mCaffeine,Exfoliant / Scrub,Budget,405,426,5,4.0,364,Alpha Arbutin,Anti-Ageing,False,2023-11-17,synthetic_nykaa_model,Budget (< ₹500)
NYK1197,Minimalist Vitamin C Gel Moisturiser,Minimalist,Moisturiser,Budget,484,569,15,4.1,1446,"Kojic Acid, Benzoyl Peroxide, Vitamin C",Sensitive Skin,True,2023-11-29,synthetic_nykaa_model,Budget (< ₹500)
NYK1198,Kiehl's Salicylic Acid Cleanser,Kiehl's,Face Wash,Premium,1458,2430,40,3.8,13,"Green Tea Extract, Salicylic Acid",Sensitive Skin,False,2023-04-19,synthetic_nykaa_model,Mid-range (₹500–1500)
NYK1199,Kiehl's Centella Asiatica Foaming Cleanser,Kiehl's,Face Wash,Premium,4513,6017,25,4.2,161,"Centella Asiatica, Bakuchiol, Salicylic Acid",Sensitive Skin,False,2023-11-14,synthetic_nykaa_model,Luxury (₹4000+)
NYK1200,Biotique Salicylic Acid SPF 50 PA++++,Biotique,Sunscreen,Budget,422,527,20,4.6,1077,"AHA/BHA, Salicylic Acid",Anti-Ageing,False,2024-06-27,synthetic_nykaa_model,Budget (< ₹500)
NYK1201,SK-II Retinol Brightening Serum,SK-II,Face Serum,Premium,9203,9687,5,4.3,215,"Retinol, Peptides",Anti-Ageing,False,2023-05-30,synthetic_nykaa_model,Luxury (₹4000+)
NYK1202,Wow Skin Retinol Sleeping Mask,Wow Skin,Face Mask,Budget,504,560,10,2.5,166,Retinol,Anti-Ageing,False,2023-07-01,synthetic_nykaa_model,Mid-range (₹500–1500)
NYK1203,The Ordinary Zinc Face Oil,The Ordinary,Face Oil,Mid-range,1174,1304,10,3.6,877,"Alpha Arbutin, Zinc, Bakuchiol",Brightening,False,2024-03-26,synthetic_nykaa_model,Mid-range (₹500–1500)
NYK1204,The Body Shop Glycerin Serum,The Body Shop,Face Serum,Premium,2301,2422,5,4.5,8,"Benzoyl Peroxide, Glycerin",Acne,False,2023-12-27,synthetic_nykaa_model,Premium (₹1500–4000)
NYK1205,Forest Essentials Alpha Arbutin Foaming Cleanser,Forest Essentials,Face Wash,Premium,1836,1932,5,4.8,156,"Alpha Arbutin, Hyaluronic Acid",Acne,False,2024-01-13,synthetic_nykaa_model,Premium (₹1500–4000)
NYK1206,Dot & Key Centella Asiatica Repair Serum,Dot & Key,Face Serum,Budget,755,1006,25,4.9,1027,"Salicylic Acid, Bakuchiol, Centella Asiatica",Oil Control,False,2023-02-12,synthetic_nykaa_model,Mid-range (₹500–1500)
NYK1207,Clinique Ceramides Night Cream,Clinique,Moisturiser,Premium,4411,4411,0,4.3,64,"Ceramides, Zinc, SPF 50",Brightening,False,2023-03-05,synthetic_nykaa_model,Luxury (₹4000+)
NYK1208,CeraVe Bakuchiol Facial Oil,CeraVe,Face Oil,Mid-range,2132,2368,10,4.1,128,"Salicylic Acid, Bakuchiol",Brightening,False,2023-02-10,synthetic_nykaa_model,Premium (₹1500–4000)
NYK1209,Dot & Key Squalane Peel,Dot & Key,Exfoliant / Scrub,Budget,652,1003,35,4.4,1008,"Bakuchiol, Squalane",Brightening,False,2023-10-17,synthetic_nykaa_model,Mid-range (₹500–1500)
NYK1210,Neutrogena Zinc Face Wash,Neutrogena,Face Wash,Mid-range,1381,1381,0,4.0,87,"Hyaluronic Acid, Zinc",Anti-Ageing,False,2023-12-04,synthetic_nykaa_model,Mid-range (₹500–1500)
NYK1211,Olay Retinol Facial Oil,Olay,Face Oil,Mid-range,2067,2067,0,3.9,2009,"Glycerin, Retinol",Pore Care,False,2023-03-25,synthetic_nykaa_model,Premium (₹1500–4000)
NYK1212,Clinique Retinol Repair Serum,Clinique,Face Serum,Premium,4935,7050,30,4.5,64,"Centella Asiatica, Retinol",Anti-Ageing,False,2023-11-14,synthetic_nykaa_model,Luxury (₹4000+)
NYK1213,Innisfree Bakuchiol Sleeping Mask,Innisfree,Face Mask,Mid-range,2661,3130,15,4.5,903,Bakuchiol,Anti-Ageing,False,2024-10-23,synthetic_nykaa_model,Premium (₹1500–4000)
NYK1214,mCaffeine Green Tea Extract SPF 50 PA++++,mCaffeine,Sunscreen,Budget,637,637,0,3.3,2222,Green Tea Extract,Pigmentation,False,2023-07-04,synthetic_nykaa_model,Mid-range (₹500–1500)
NYK1215,The Body Shop Peptides Sunscreen SPF 50,The Body Shop,Sunscreen,Premium,1483,1853,20,4.2,174,"Ceramides, Peptides",Brightening,False,2023-06-08,synthetic_nykaa_model,Mid-range (₹500–1500)
NYK1216,Lotus Bakuchiol Clarifying Toner,Lotus,Toner,Budget,324,405,20,4.3,3126,Bakuchiol,Acne,False,2024-11-08,synthetic_nykaa_model,Budget (< ₹500)
NYK1217,Plum AHA/BHA SPF 50 PA++++,Plum,Sunscreen,Budget,344,344,0,3.4,118,"Centella Asiatica, Retinol, AHA/BHA",Brightening,False,2024-12-10,synthetic_nykaa_model,Budget (< ₹500)
NYK1218,The Ordinary Kojic Acid Essence Toner,The Ordinary,Toner,Mid-range,420,442,5,3.2,59,"Hyaluronic Acid, Kojic Acid",Pore Care,False,2024-11-23,synthetic_nykaa_model,Budget (< ₹500)
NYK1219,Mamaearth Benzoyl Peroxide UV Shield,Mamaearth,Sunscreen,Budget,277,346,20,3.6,9926,"Benzoyl Peroxide, Alpha Arbutin, Peptides",Hydration,False,2023-11-13,synthetic_nykaa_model,Budget (< ₹500)
NYK1220,The Ordinary Alpha Arbutin Sleeping Mask,The Ordinary,Face Mask,Mid-range,321,321,0,5.0,68,"Alpha Arbutin, Squalane",Pigmentation,False,2024-01-27,synthetic_nykaa_model,Budget (< ₹500)
NYK1221,The Ordinary Retinol UV Shield,The Ordinary,Sunscreen,Mid-range,368,432,15,4.7,455,Retinol,Pigmentation,False,2023-02-23,synthetic_nykaa_model,Budget (< ₹500)
NYK1222,Forest Essentials Bakuchiol Essence Toner,Forest Essentials,Toner,Premium,2660,2800,5,4.4,55,"Vitamin C, Bakuchiol, Squalane",Pigmentation,False,2023-03-27,synthetic_nykaa_model,Premium (₹1500–4000)
NYK1223,Plum Retinol Cleanser,Plum,Face Wash,Budget,356,395,10,3.4,176,"Bakuchiol, Retinol",Sensitive Skin,False,2023-04-04,synthetic_nykaa_model,Budget (< ₹500)
NYK1224,Forest Essentials Niacinamide Foaming Cleanser,Forest Essentials,Face Wash,Premium,2316,2895,20,3.8,36,"Niacinamide, Kojic Acid",Acne,False,2024-02-10,synthetic_nykaa_model,Premium (₹1500–4000)
NYK1225,Plum Salicylic Acid Brightening Serum,Plum,Face Serum,Budget,313,391,20,4.0,134,"Salicylic Acid, Green Tea Extract",Hydration,False,2023-01-29,synthetic_nykaa_model,Budget (< ₹500)
NYK1226,Garnier Bakuchiol Repair Serum,Garnier,Face Serum,Mid-range,446,686,35,4.3,1138,"Zinc, Retinol, Bakuchiol",Acne,False,2023-10-21,synthetic_nykaa_model,Budget (< ₹500)
NYK1227,La Roche-Posay SPF 50 Serum,La Roche-Posay,Face Serum,Mid-range,1772,2084,15,4.1,444,SPF 50,Oil Control,False,2024-09-22,synthetic_nykaa_model,Premium (₹1500–4000)
NYK1228,Forest Essentials Glycerin Pimple Patch,Forest Essentials,Spot Treatment,Premium,1783,2097,15,4.1,210,Glycerin,Hydration,False,2023-06-03,synthetic_nykaa_model,Premium (₹1500–4000)
NYK1229,Estee Lauder Benzoyl Peroxide Gel Moisturiser,Estee Lauder,Moisturiser,Premium,5850,6157,5,4.0,163,"Peptides, Benzoyl Peroxide",Anti-Ageing,False,2023-02-18,synthetic_nykaa_model,Luxury (₹4000+)
NYK1230,Forest Essentials Vitamin C Face Wash,Forest Essentials,Face Wash,Premium,1327,1561,15,4.4,615,"Alpha Arbutin, Salicylic Acid, Vitamin C",Oil Control,False,2024-09-03,synthetic_nykaa_model,Mid-range (₹500–1500)
NYK1231,Dot & Key Peptides Clarifying Toner,Dot & Key,Toner,Budget,358,477,25,3.8,569,"Peptides, Retinol, Benzoyl Peroxide",Sensitive Skin,False,2023-01-02,synthetic_nykaa_model,Budget (< ₹500)
NYK1232,Minimalist AHA/BHA Sunscreen SPF 50,Minimalist,Sunscreen,Budget,567,596,5,5.0,3832,"Kojic Acid, AHA/BHA, Salicylic Acid",Pore Care,True,2024-06-22,synthetic_nykaa_model,Mid-range (₹500–1500)
NYK1233,CeraVe Centella Asiatica Exfoliant,CeraVe,Exfoliant / Scrub,Mid-range,609,609,0,3.8,1484,"Hyaluronic Acid, Centella Asiatica",Pore Care,False,2023-09-17,synthetic_nykaa_model,Mid-range (₹500–1500)
NYK1234,Cetaphil Green Tea Extract Toner,Cetaphil,Toner,Mid-range,881,978,10,4.8,72,Green Tea Extract,Hydration,False,2024-11-03,synthetic_nykaa_model,Mid-range (₹500–1500)
NYK1235,The Ordinary Hyaluronic Acid Brightening Serum,The Ordinary,Face Serum,Mid-range,709,834,15,4.2,44,Hyaluronic Acid,Pore Care,False,2024-07-13,synthetic_nykaa_model,Mid-range (₹500–1500)
NYK1236,Estee Lauder Alpha Arbutin UV Shield,Estee Lauder,Sunscreen,Premium,2911,3234,10,4.4,133,"Alpha Arbutin, SPF 50, AHA/BHA",Brightening,False,2023-03-06,synthetic_nykaa_model,Premium (₹1500–4000)
NYK1237,Kiehl's Hyaluronic Acid Foaming Cleanser,Kiehl's,Face Wash,Premium,4427,4427,0,4.5,71,"Ceramides, Hyaluronic Acid",Hydration,False,2023-02-12,synthetic_nykaa_model,Luxury (₹4000+)
NYK1238,Dot & Key SPF 50 Essence Toner,Dot & Key,Toner,Budget,586,586,0,3.2,4447,"Centella Asiatica, SPF 50, Glycerin",Acne,False,2024-10-24,synthetic_nykaa_model,Mid-range (₹500–1500)
NYK1239,Lotus Zinc Clarifying Toner,Lotus,Toner,Budget,236,295,20,3.4,455,"Hyaluronic Acid, Zinc",Pigmentation,False,2023-05-08,synthetic_nykaa_model,Budget (< ₹500)
NYK1240,Paula's Choice Centella Asiatica Pimple Patch,Paula's Choice,Spot Treatment,Premium,3631,4271,15,4.3,31,"Alpha Arbutin, Centella Asiatica",Pore Care,False,2023-07-11,synthetic_nykaa_model,Premium (₹1500–4000)
NYK1241,Kiehl's Glycerin Serum,Kiehl's,Face Serum,Premium,4501,6001,25,4.5,173,"Bakuchiol, Glycerin",Anti-Ageing,False,2024-03-10,synthetic_nykaa_model,Luxury (₹4000+)
NYK1242,Minimalist Zinc Water Cream,Minimalist,Moisturiser,Budget,341,341,0,3.2,738,"AHA/BHA, Benzoyl Peroxide, Zinc",Anti-Ageing,False,2023-03-23,synthetic_nykaa_model,Budget (< ₹500)
NYK1243,Biotique Alpha Arbutin Gel Cleanser,Biotique,Face Wash,Budget,251,278,10,4.1,13247,"Benzoyl Peroxide, Alpha Arbutin",Sensitive Skin,False,2023-06-20,synthetic_nykaa_model,Budget (< ₹500)
NYK1244,SK-II Hyaluronic Acid Face Wash,SK-II,Face Wash,Premium,6483,7203,10,4.3,117,"Hyaluronic Acid, Green Tea Extract",Sensitive Skin,False,2023-10-09,synthetic_nykaa_model,Luxury (₹4000+)
NYK1245,Biotique Centella Asiatica Repair Serum,Biotique,Face Serum,Budget,448,497,10,4.2,226,"Centella Asiatica, Green Tea Extract, AHA/BHA",Acne,False,2023-05-27,synthetic_nykaa_model,Budget (< ₹500)
NYK1246,Lotus Salicylic Acid AHA Exfoliator,Lotus,Exfoliant / Scrub,Budget,453,453,0,4.1,12808,Salicylic Acid,Hydration,False,2024-10-22,synthetic_nykaa_model,Budget (< ₹500)
NYK1247,The Body Shop Retinol Brightening Serum,The Body Shop,Face Serum,Premium,2106,2477,15,3.9,49,"Hyaluronic Acid, Retinol",Oil Control,False,2024-01-15,synthetic_nykaa_model,Premium (₹1500–4000)
NYK1248,The Ordinary Retinol Brightening Serum,The Ordinary,Face Serum,Mid-range,928,1427,35,4.3,33,Retinol,Pore Care,False,2024-02-12,synthetic_nykaa_model,Mid-range (₹500–1500)
NYK1249,CeraVe Vitamin C Gel Cleanser,CeraVe,Face Wash,Mid-range,614,614,0,3.6,473,Vitamin C,Acne,False,2023-07-10,synthetic_nykaa_model,Mid-range (₹500–1500)
NYK1250,Innisfree Bakuchiol Sunblock,Innisfree,Sunscreen,Mid-range,1002,1002,0,4.7,131,"Vitamin C, Glycerin, Bakuchiol",Oil Control,False,2023-08-08,synthetic_nykaa_model,Mid-range (₹500–1500)
NYK1251,Plum Ceramides Night Cream,Plum,Moisturiser,Budget,363,363,0,3.7,816,"Ceramides, Vitamin C",Brightening,False,2023-03-17,synthetic_nykaa_model,Budget (< ₹500)
NYK1252,CeraVe Zinc Exfoliant,CeraVe,Exfoliant / Scrub,Mid-range,1281,1423,10,4.6,423,"Alpha Arbutin, Salicylic Acid, Zinc",Pore Care,False,2024-12-27,synthetic_nykaa_model,Mid-range (₹500–1500)
NYK1253,Cetaphil Benzoyl Peroxide Booster Serum,Cetaphil,Face Serum,Mid-range,2461,3281,25,3.6,191,"Benzoyl Peroxide, Squalane, AHA/BHA",Brightening,False,2024-01-06,synthetic_nykaa_model,Premium (₹1500–4000)
NYK1254,The Ordinary Retinol Face Wash,The Ordinary,Face Wash,Mid-range,592,740,20,4.4,236,Retinol,Hydration,False,2024-05-20,synthetic_nykaa_model,Mid-range (₹500–1500)
NYK1255,Neutrogena Alpha Arbutin Brightening Serum,Neutrogena,Face Serum,Mid-range,1161,1290,10,3.9,376,"Green Tea Extract, Alpha Arbutin, Retinol",Anti-Ageing,False,2023-03-09,synthetic_nykaa_model,Mid-range (₹500–1500)
NYK1256,CeraVe SPF 50 Cream,CeraVe,Moisturiser,Mid-range,1094,1094,0,4.3,28,"SPF 50, Bakuchiol, Kojic Acid",Sensitive Skin,False,2024-08-11,synthetic_nykaa_model,Mid-range (₹500–1500)
NYK1257,Clinique Salicylic Acid Brightening Serum,Clinique,Face Serum,Premium,7487,8808,15,4.1,27,"Salicylic Acid, Alpha Arbutin",Oil Control,False,2024-11-27,synthetic_nykaa_model,Luxury (₹4000+)
NYK1258,Kiehl's Retinol Cleanser,Kiehl's,Face Wash,Premium,1385,1629,15,3.7,88,"AHA/BHA, Retinol, Kojic Acid",Acne,False,2023-05-08,synthetic_nykaa_model,Mid-range (₹500–1500)
NYK1259,La Mer AHA/BHA Eye Cream,La Mer,Eye Cream,Premium,24083,26758,10,4.1,414,AHA/BHA,Pore Care,False,2024-12-27,synthetic_nykaa_model,Luxury (₹4000+)
NYK1260,Wow Skin Benzoyl Peroxide Clay Mask,Wow Skin,Face Mask,Budget,819,1023,20,3.6,926,"Benzoyl Peroxide, Salicylic Acid, Glycerin",Hydration,False,2024-10-12,synthetic_nykaa_model,Mid-range (₹500–1500)
NYK1261,Innisfree AHA/BHA Brightening Serum,Innisfree,Face Serum,Mid-range,2063,2427,15,4.3,116,"Benzoyl Peroxide, Salicylic Acid, AHA/BHA",Brightening,False,2023-06-25,synthetic_nykaa_model,Premium (₹1500–4000)
NYK1262,CeraVe Niacinamide Clarifying Toner,CeraVe,Toner,Mid-range,822,822,0,4.2,101,Niacinamide,Anti-Ageing,False,2023-02-16,synthetic_nykaa_model,Mid-range (₹500–1500)
NYK1263,Biotique Niacinamide Water Cream,Biotique,Moisturiser,Budget,441,551,20,3.4,1266,"Kojic Acid, Niacinamide, SPF 50",Pigmentation,False,2024-10-19,synthetic_nykaa_model,Budget (< ₹500)
NYK1264,Dot & Key Centella Asiatica Serum,Dot & Key,Face Serum,Budget,1279,1421,10,4.3,1378,Centella Asiatica,Pigmentation,False,2024-12-06,synthetic_nykaa_model,Mid-range (₹500–1500)
NYK1265,The Ordinary Kojic Acid Water Cream,The Ordinary,Moisturiser,Mid-range,1107,1107,0,4.6,451,"Kojic Acid, SPF 50",Oil Control,False,2023-07-28,synthetic_nykaa_model,Mid-range (₹500–1500)
NYK1266,Olay Zinc Foaming Cleanser,Olay,Face Wash,Mid-range,614,944,35,4.5,1213,"Zinc, Green Tea Extract",Sensitive Skin,False,2023-05-14,synthetic_nykaa_model,Mid-range (₹500–1500)
NYK1267,Kiehl's Peptides Sleeping Mask,Kiehl's,Face Mask,Premium,6607,8258,20,4.2,28,"Peptides, Alpha Arbutin",Anti-Ageing,False,2023-10-01,synthetic_nykaa_model,Luxury (₹4000+)
NYK1268,SK-II Vitamin C Night Cream,SK-II,Moisturiser,Premium,6243,6936,10,3.6,119,Vitamin C,Acne,False,2023-10-25,synthetic_nykaa_model,Luxury (₹4000+)
NYK1269,Wow Skin AHA/BHA Brightening Serum,Wow Skin,Face Serum,Budget,479,504,5,4.1,1770,AHA/BHA,Pore Care,False,2024-08-14,synthetic_nykaa_model,Budget (< ₹500)
NYK1270,Biotique SPF 50 Clay Mask,Biotique,Face Mask,Budget,290,362,20,4.0,2854,SPF 50,Oil Control,False,2024-05-25,synthetic_nykaa_model,Budget (< ₹500)
NYK1271,Kiehl's Salicylic Acid Under Eye Serum,Kiehl's,Eye Cream,Premium,4875,6093,20,4.4,18,Salicylic Acid,Sensitive Skin,False,2024-06-01,synthetic_nykaa_model,Luxury (₹4000+)
NYK1272,Paula's Choice Green Tea Extract Night Oil,Paula's Choice,Face Oil,Premium,4313,5750,25,4.1,68,Green Tea Extract,Acne,False,2023-02-21,synthetic_nykaa_model,Luxury (₹4000+)
NYK1273,Clinique Benzoyl Peroxide Essence Toner,Clinique,Toner,Premium,1411,1660,15,4.4,899,"SPF 50, Benzoyl Peroxide, Niacinamide",Anti-Ageing,False,2024-03-17,synthetic_nykaa_model,Mid-range (₹500–1500)
NYK1274,Biotique Squalane Sunscreen SPF 50,Biotique,Sunscreen,Budget,328,385,15,4.1,315,"Green Tea Extract, Centella Asiatica, Squalane",Acne,False,2024-02-15,synthetic_nykaa_model,Budget (< ₹500)
NYK1275,Neutrogena Benzoyl Peroxide Repair Serum,Neutrogena,Face Serum,Mid-range,1459,1535,5,4.0,96,"Ceramides, Green Tea Extract, Benzoyl Peroxide",Anti-Ageing,False,2024-01-31,synthetic_nykaa_model,Mid-range (₹500–1500)
NYK1276,Forest Essentials Retinol Water Cream,Forest Essentials,Moisturiser,Premium,4305,5064,15,4.4,39,"Vitamin C, Retinol",Anti-Ageing,False,2024-02-08,synthetic_nykaa_model,Luxury (₹4000+)
NYK1277,The Body Shop Green Tea Extract Sunscreen SPF 50,The Body Shop,Sunscreen,Premium,1098,1098,0,4.0,127,"Green Tea Extract, Retinol, Ceramides",Sensitive Skin,False,2024-05-27,synthetic_nykaa_model,Mid-range (₹500–1500)
NYK1278,La Mer Retinol Night Cream,La Mer,Moisturiser,Premium,10261,11401,10,4.1,29,Retinol,Pore Care,False,2024-04-30,synthetic_nykaa_model,Luxury (₹4000+)
NYK1279,Kiehl's Zinc Pimple Patch,Kiehl's,Spot Treatment,Premium,1460,1717,15,3.8,11,"Bakuchiol, Retinol, Zinc",Pore Care,False,2023-06-16,synthetic_nykaa_model,Mid-range (₹500–1500)
NYK1280,Garnier Zinc Serum,Garnier,Face Serum,Mid-range,457,571,20,4.6,298,"Benzoyl Peroxide, Zinc, SPF 50",Pigmentation,False,2024-05-01,synthetic_nykaa_model,Budget (< ₹500)
NYK1281,Neutrogena Kojic Acid Sunscreen SPF 50,Neutrogena,Sunscreen,Mid-range,638,638,0,4.7,2223,"Vitamin C, Kojic Acid",Pigmentation,False,2024-12-05,synthetic_nykaa_model,Mid-range (₹500–1500)
NYK1282,La Roche-Posay Peptides UV Shield,La Roche-Posay,Sunscreen,Mid-range,1803,2003,10,4.3,242,"Peptides, Hyaluronic Acid",Oil Control,False,2023-06-24,synthetic_nykaa_model,Premium (₹1500–4000)
NYK1283,Mamaearth Peptides Repair Serum,Mamaearth,Face Serum,Budget,782,868,10,4.2,2093,"Peptides, Hyaluronic Acid, Vitamin C",Hydration,True,2023-11-18,synthetic_nykaa_model,Mid-range (₹500–1500)
NYK1284,The Body Shop Ceramides Cleanser,The Body Shop,Face Wash,Premium,844,937,10,4.2,28,"Ceramides, Kojic Acid",Oil Control,False,2023-03-05,synthetic_nykaa_model,Mid-range (₹500–1500)
NYK1285,mCaffeine Centella Asiatica UV Shield,mCaffeine,Sunscreen,Budget,343,428,20,3.4,6154,"Zinc, SPF 50, Centella Asiatica",Pore Care,False,2023-06-27,synthetic_nykaa_model,Budget (< ₹500)
NYK1286,Olay Squalane Under Eye Serum,Olay,Eye Cream,Mid-range,1625,2166,25,3.7,914,"Squalane, Green Tea Extract",Pigmentation,False,2024-09-16,synthetic_nykaa_model,Premium (₹1500–4000)
NYK1287,La Roche-Posay Glycerin Brightening Serum,La Roche-Posay,Face Serum,Mid-range,923,1025,10,4.2,34,Glycerin,Pigmentation,False,2023-08-19,synthetic_nykaa_model,Mid-range (₹500–1500)
NYK1288,Biotique SPF 50 Night Oil,Biotique,Face Oil,Budget,356,474,25,3.1,427,"Ceramides, SPF 50, Zinc",Oil Control,False,2023-12-24,synthetic_nykaa_model,Budget (< ₹500)
NYK1289,Forest Essentials Squalane Foaming Cleanser,Forest Essentials,Face Wash,Premium,1933,2274,15,4.3,392,Squalane,Sensitive Skin,False,2024-02-09,synthetic_nykaa_model,Premium (₹1500–4000)
NYK1290,Cetaphil Benzoyl Peroxide Hydra Toner,Cetaphil,Toner,Mid-range,585,688,15,4.3,377,"Hyaluronic Acid, Benzoyl Peroxide",Anti-Ageing,False,2023-12-21,synthetic_nykaa_model,Mid-range (₹500–1500)
NYK1291,Olay SPF 50 Night Oil,Olay,Face Oil,Mid-range,1349,1349,0,4.1,195,"SPF 50, Ceramides, Bakuchiol",Pigmentation,False,2024-07-29,synthetic_nykaa_model,Mid-range (₹500–1500)
NYK1292,Wow Skin Peptides Gel Moisturiser,Wow Skin,Moisturiser,Budget,323,358,10,4.1,461,Peptides,Hydration,False,2023-02-21,synthetic_nykaa_model,Budget (< ₹500)
NYK1293,The Body Shop Vitamin C Repair Serum,The Body Shop,Face Serum,Premium,4051,4765,15,3.5,161,Vitamin C,Sensitive Skin,False,2023-12-05,synthetic_nykaa_model,Luxury (₹4000+)
NYK1294,Lotus Niacinamide Pimple Patch,Lotus,Spot Treatment,Budget,301,430,30,4.2,583,"Retinol, Niacinamide, AHA/BHA",Sensitive Skin,False,2024-10-30,synthetic_nykaa_model,Budget (< ₹500)
NYK1295,Wow Skin Ceramides Toner,Wow Skin,Toner,Budget,240,400,40,4.3,147,"Ceramides, Benzoyl Peroxide, Zinc",Pigmentation,False,2024-10-23,synthetic_nykaa_model,Budget (< ₹500)
NYK1296,mCaffeine Hyaluronic Acid Sunscreen SPF 50,mCaffeine,Sunscreen,Budget,423,497,15,3.9,252,"Peptides, Hyaluronic Acid, AHA/BHA",Sensitive Skin,False,2023-06-30,synthetic_nykaa_model,Budget (< ₹500)
NYK1297,Dot & Key Benzoyl Peroxide Cream,Dot & Key,Moisturiser,Budget,582,646,10,4.0,2639,"AHA/BHA, Benzoyl Peroxide",Acne,True,2024-08-04,synthetic_nykaa_model,Mid-range (₹500–1500)
NYK1298,CeraVe Bakuchiol Repair Serum,CeraVe,Face Serum,Mid-range,1661,1661,0,4.4,371,"Alpha Arbutin, Bakuchiol",Oil Control,False,2023-05-18,synthetic_nykaa_model,Premium (₹1500–4000)
NYK1299,Mamaearth Vitamin C Foaming Cleanser,Mamaearth,Face Wash,Budget,501,589,15,4.1,1967,Vitamin C,Pore Care,True,2024-04-14,synthetic_nykaa_model,Mid-range (₹500–1500)
NYK1300,Neutrogena Zinc Cleanser,Neutrogena,Face Wash,Mid-range,825,825,0,4.9,1137,Zinc,Pigmentation,False,2023-07-17,synthetic_nykaa_model,Mid-range (₹500–1500)
NYK1301,Neutrogena Bakuchiol Serum,Neutrogena,Face Serum,Mid-range,1259,1573,20,3.8,101,"Bakuchiol, Zinc",Anti-Ageing,False,2024-02-15,synthetic_nykaa_model,Mid-range (₹500–1500)
NYK1302,Dot & Key SPF 50 Cream,Dot & Key,Moisturiser,Budget,678,713,5,4.7,431,SPF 50,Pore Care,False,2023-09-12,synthetic_nykaa_model,Mid-range (₹500–1500)
NYK1303,Neutrogena Peptides AHA Exfoliator,Neutrogena,Exfoliant / Scrub,Mid-range,1136,1420,20,4.5,224,"Peptides, Alpha Arbutin",Pigmentation,False,2023-12-04,synthetic_nykaa_model,Mid-range (₹500–1500)
NYK1304,CeraVe Peptides Face Wash,CeraVe,Face Wash,Mid-range,854,1138,25,3.8,1033,"Green Tea Extract, Peptides",Acne,False,2024-11-14,synthetic_nykaa_model,Mid-range (₹500–1500)
NYK1305,Paula's Choice Centella Asiatica Cream,Paula's Choice,Moisturiser,Premium,2049,2410,15,4.6,34,"AHA/BHA, Centella Asiatica",Pigmentation,False,2024-12-07,synthetic_nykaa_model,Premium (₹1500–4000)
NYK1306,La Roche-Posay Squalane SPF 50 PA++++,La Roche-Posay,Sunscreen,Mid-range,1077,1538,30,4.6,64,"Peptides, Squalane",Brightening,False,2024-05-04,synthetic_nykaa_model,Mid-range (₹500–1500)
NYK1307,Garnier SPF 50 Eye Repair Cream,Garnier,Eye Cream,Mid-range,1000,1111,10,4.0,156,"Green Tea Extract, Kojic Acid, SPF 50",Hydration,False,2023-09-11,synthetic_nykaa_model,Mid-range (₹500–1500)
NYK1308,Dot & Key Bakuchiol Blemish Serum,Dot & Key,Spot Treatment,Budget,442,491,10,4.1,275,Bakuchiol,Oil Control,False,2024-06-24,synthetic_nykaa_model,Budget (< ₹500)
NYK1309,Estee Lauder Ceramides Under Eye Serum,Estee Lauder,Eye Cream,Premium,11168,13138,15,4.3,104,"Vitamin C, Hyaluronic Acid, Ceramides",Brightening,False,2023-06-18,synthetic_nykaa_model,Luxury (₹4000+)
NYK1310,Paula's Choice Vitamin C Hydra Toner,Paula's Choice,Toner,Premium,1465,1953,25,4.4,20,"Vitamin C, Ceramides",Oil Control,False,2023-04-04,synthetic_nykaa_model,Mid-range (₹500–1500)
NYK1311,Minimalist Bakuchiol Sunscreen SPF 50,Minimalist,Sunscreen,Budget,370,435,15,4.2,983,"Retinol, Bakuchiol",Sensitive Skin,False,2024-04-12,synthetic_nykaa_model,Budget (< ₹500)
NYK1312,Mamaearth Centella Asiatica Essence Toner,Mamaearth,Toner,Budget,363,484,25,3.8,5822,"Benzoyl Peroxide, Niacinamide, Centella Asiatica",Pigmentation,False,2023-01-04,synthetic_nykaa_model,Budget (< ₹500)
NYK1313,Biotique Hyaluronic Acid Face Wash,Biotique,Face Wash,Budget,221,294,25,2.8,320,Hyaluronic Acid,Sensitive Skin,False,2023-12-19,synthetic_nykaa_model,Budget (< ₹500)
NYK1314,Neutrogena SPF 50 Sleeping Mask,Neutrogena,Face Mask,Mid-range,736,920,20,3.9,131,SPF 50,Acne,False,2023-10-21,synthetic_nykaa_model,Mid-range (₹500–1500)
NYK1315,Lotus Kojic Acid Gel Cleanser,Lotus,Face Wash,Budget,187,233,20,4.5,4128,Kojic Acid,Pore Care,False,2024-01-27,synthetic_nykaa_model,Budget (< ₹500)
NYK1316,The Ordinary Retinol Sheet Mask,The Ordinary,Face Mask,Mid-range,886,1042,15,4.1,368,"Salicylic Acid, Retinol",Pore Care,False,2023-05-02,synthetic_nykaa_model,Mid-range (₹500–1500)
NYK1317,Lotus Niacinamide Hydra Toner,Lotus,Toner,Budget,199,199,0,4.0,487,"Retinol, Peptides, Niacinamide",Acne,False,2023-11-02,synthetic_nykaa_model,Budget (< ₹500)
NYK1318,mCaffeine Kojic Acid Sleeping Mask,mCaffeine,Face Mask,Budget,596,745,20,3.2,65,"Squalane, Kojic Acid, Centella Asiatica",Hydration,False,2023-09-11,synthetic_nykaa_model,Mid-range (₹500–1500)
NYK1319,mCaffeine Glycerin Serum,mCaffeine,Face Serum,Budget,543,603,10,4.2,825,Glycerin,Hydration,False,2023-04-26,synthetic_nykaa_model,Mid-range (₹500–1500)
NYK1320,Clinique Niacinamide Eye Repair Cream,Clinique,Eye Cream,Premium,5594,6215,10,4.7,87,"Niacinamide, Peptides, Ceramides",Anti-Ageing,False,2023-04-14,synthetic_nykaa_model,Luxury (₹4000+)
NYK1321,La Roche-Posay Hyaluronic Acid Repair Serum,La Roche-Posay,Face Serum,Mid-range,2285,2538,10,4.5,214,"Hyaluronic Acid, Peptides",Acne,False,2024-02-16,synthetic_nykaa_model,Premium (₹1500–4000)
NYK1322,La Roche-Posay Retinol Foaming Cleanser,La Roche-Posay,Face Wash,Mid-range,812,1015,20,4.1,191,"Ceramides, Hyaluronic Acid, Retinol",Pigmentation,False,2023-08-28,synthetic_nykaa_model,Mid-range (₹500–1500)
NYK1323,Clinique Peptides Gel Moisturiser,Clinique,Moisturiser,Premium,3245,4635,30,4.6,123,"Zinc, Peptides, Benzoyl Peroxide",Brightening,False,2024-11-07,synthetic_nykaa_model,Premium (₹1500–4000)
NYK1324,Minimalist Glycerin Glow Oil,Minimalist,Face Oil,Budget,486,648,25,4.4,1467,"Glycerin, Hyaluronic Acid",Brightening,False,2024-03-13,synthetic_nykaa_model,Budget (< ₹500)
NYK1325,Plum Bakuchiol Hydra Toner,Plum,Toner,Budget,311,365,15,3.8,437,"Centella Asiatica, Bakuchiol",Pore Care,False,2024-12-14,synthetic_nykaa_model,Budget (< ₹500)
NYK1326,Minimalist Benzoyl Peroxide Gel Cleanser,Minimalist,Face Wash,Budget,416,462,10,3.1,2345,Benzoyl Peroxide,Sensitive Skin,False,2023-07-08,synthetic_nykaa_model,Budget (< ₹500)
NYK1327,Minimalist Benzoyl Peroxide Pimple Patch,Minimalist,Spot Treatment,Budget,315,420,25,4.4,5180,Benzoyl Peroxide,Brightening,False,2023-03-01,synthetic_nykaa_model,Budget (< ₹500)
NYK1328,Estee Lauder Retinol Booster Serum,Estee Lauder,Face Serum,Premium,8146,10182,20,4.2,72,"Bakuchiol, Retinol, Centella Asiatica",Hydration,False,2023-09-19,synthetic_nykaa_model,Luxury (₹4000+)
NYK1329,Paula's Choice Salicylic Acid Sheet Mask,Paula's Choice,Face Mask,Premium,2335,2747,15,4.0,84,"Salicylic Acid, Alpha Arbutin, Green Tea Extract",Anti-Ageing,False,2024-07-02,synthetic_nykaa_model,Premium (₹1500–4000)
NYK1330,Mamaearth Hyaluronic Acid Acne Gel,Mamaearth,Spot Treatment,Budget,507,676,25,4.2,1456,"Centella Asiatica, Hyaluronic Acid",Anti-Ageing,True,2024-08-24,synthetic_nykaa_model,Mid-range (₹500–1500)
NYK1331,Cetaphil Zinc Gel Moisturiser,Cetaphil,Moisturiser,Mid-range,2177,2418,10,4.3,1108,Zinc,Pigmentation,False,2023-01-16,synthetic_nykaa_model,Premium (₹1500–4000)
NYK1332,Estee Lauder Peptides Cleanser,Estee Lauder,Face Wash,Premium,7999,9410,15,4.8,24,"Vitamin C, SPF 50, Peptides",Hydration,False,2024-02-11,synthetic_nykaa_model,Luxury (₹4000+)
NYK1333,CeraVe Centella Asiatica Brightening Serum,CeraVe,Face Serum,Mid-range,1880,2088,10,5.0,201,"Benzoyl Peroxide, Centella Asiatica",Oil Control,False,2024-06-30,synthetic_nykaa_model,Premium (₹1500–4000)
NYK1334,La Mer Bakuchiol Sunscreen SPF 50,La Mer,Sunscreen,Premium,12793,15050,15,4.9,60,"Green Tea Extract, Bakuchiol",Oil Control,False,2024-04-22,synthetic_nykaa_model,Luxury (₹4000+)
NYK1335,The Ordinary Ceramides Face Wash,The Ordinary,Face Wash,Mid-range,459,459,0,3.9,114,"Ceramides, Green Tea Extract",Pore Care,False,2024-02-28,synthetic_nykaa_model,Budget (< ₹500)
NYK1336,Paula's Choice Retinol Gel Moisturiser,Paula's Choice,Moisturiser,Premium,1528,1797,15,4.3,27,"Retinol, Niacinamide, Glycerin",Sensitive Skin,False,2023-10-30,synthetic_nykaa_model,Premium (₹1500–4000)
NYK1337,CeraVe Centella Asiatica Brightening Serum,CeraVe,Face Serum,Mid-range,1131,1131,0,4.0,106,"Peptides, Centella Asiatica",Hydration,False,2024-05-26,synthetic_nykaa_model,Mid-range (₹500–1500)
NYK1338,Forest Essentials SPF 50 SPF 50 PA++++,Forest Essentials,Sunscreen,Premium,1120,1600,30,4.3,30,"SPF 50, Alpha Arbutin",Brightening,False,2023-12-27,synthetic_nykaa_model,Mid-range (₹500–1500)
NYK1339,Innisfree Squalane Serum,Innisfree,Face Serum,Mid-range,1457,1618,10,4.5,250,"Squalane, SPF 50, AHA/BHA",Acne,False,2024-06-20,synthetic_nykaa_model,Mid-range (₹500–1500)
NYK1340,Neutrogena Hyaluronic Acid Essence Toner,Neutrogena,Toner,Mid-range,630,700,10,3.5,610,"Hyaluronic Acid, Niacinamide, Kojic Acid",Brightening,False,2024-10-07,synthetic_nykaa_model,Mid-range (₹500–1500)
NYK1341,Garnier Ceramides Sunscreen SPF 50,Garnier,Sunscreen,Mid-range,506,562,10,3.9,287,"Retinol, Niacinamide, Ceramides",Oil Control,False,2024-01-18,synthetic_nykaa_model,Mid-range (₹500–1500)
NYK1342,Wow Skin SPF 50 Repair Serum,Wow Skin,Face Serum,Budget,799,799,0,4.3,244,"SPF 50, Squalane, Niacinamide",Acne,False,2024-06-28,synthetic_nykaa_model,Mid-range (₹500–1500)
NYK1343,The Ordinary Bakuchiol Brightening Serum,The Ordinary,Face Serum,Mid-range,419,465,10,4.0,266,Bakuchiol,Pigmentation,False,2024-07-02,synthetic_nykaa_model,Budget (< ₹500)
NYK1344,Mamaearth Vitamin C Gel Moisturiser,Mamaearth,Moisturiser,Budget,403,503,20,4.1,2728,"Kojic Acid, AHA/BHA, Vitamin C",Anti-Ageing,False,2023-09-04,synthetic_nykaa_model,Budget (< ₹500)
NYK1345,Minimalist Green Tea Extract Sunblock,Minimalist,Sunscreen,Budget,220,314,30,4.4,938,"Glycerin, Green Tea Extract, Squalane",Sensitive Skin,False,2023-03-22,synthetic_nykaa_model,Budget (< ₹500)
NYK1346,Kiehl's Peptides Serum,Kiehl's,Face Serum,Premium,2787,2787,0,4.3,12,"Peptides, Squalane",Pigmentation,False,2024-12-01,synthetic_nykaa_model,Premium (₹1500–4000)
NYK1347,Neutrogena Centella Asiatica UV Shield,Neutrogena,Sunscreen,Mid-range,682,682,0,4.2,79,Centella Asiatica,Sensitive Skin,False,2024-01-22,synthetic_nykaa_model,Mid-range (₹500–1500)
NYK1348,Lotus Salicylic Acid Clarifying Toner,Lotus,Toner,Budget,369,461,20,4.1,6052,"Niacinamide, AHA/BHA, Salicylic Acid",Oil Control,False,2024-03-20,synthetic_nykaa_model,Budget (< ₹500)
NYK1349,Wow Skin Bakuchiol Gel Moisturiser,Wow Skin,Moisturiser,Budget,269,336,20,4.6,492,Bakuchiol,Acne,False,2023-08-24,synthetic_nykaa_model,Budget (< ₹500)
NYK1350,Forest Essentials Hyaluronic Acid Face Mask,Forest Essentials,Face Mask,Premium,2518,2797,10,4.6,10,"Hyaluronic Acid, Salicylic Acid",Pigmentation,False,2024-07-10,synthetic_nykaa_model,Premium (₹1500–4000)
NYK1351,Innisfree Niacinamide Hydra Toner,Innisfree,Toner,Mid-range,1536,1920,20,3.7,155,"Niacinamide, Ceramides",Brightening,False,2024-12-30,synthetic_nykaa_model,Premium (₹1500–4000)
NYK1352,Cetaphil Peptides Brightening Serum,Cetaphil,Face Serum,Mid-range,992,1044,5,4.4,258,"AHA/BHA, Peptides",Sensitive Skin,False,2024-11-24,synthetic_nykaa_model,Mid-range (₹500–1500)
NYK1353,Olay Retinol Night Cream,Olay,Moisturiser,Mid-range,1039,1039,0,3.4,100,"Retinol, Salicylic Acid, Green Tea Extract",Acne,False,2023-04-11,synthetic_nykaa_model,Mid-range (₹500–1500)
NYK1354,Garnier Zinc Sunscreen SPF 50,Garnier,Sunscreen,Mid-range,350,583,40,3.9,1959,Zinc,Sensitive Skin,False,2023-12-01,synthetic_nykaa_model,Budget (< ₹500)
NYK1355,Plum Peptides Gel Cleanser,Plum,Face Wash,Budget,250,250,0,4.2,670,"SPF 50, Peptides",Pore Care,False,2024-07-20,synthetic_nykaa_model,Budget (< ₹500)
NYK1356,The Ordinary Centella Asiatica Brightening Serum,The Ordinary,Face Serum,Mid-range,882,928,5,4.0,33,Centella Asiatica,Anti-Ageing,False,2024-09-25,synthetic_nykaa_model,Mid-range (₹500–1500)
NYK1357,Estee Lauder Glycerin Booster Serum,Estee Lauder,Face Serum,Premium,7462,11480,35,4.5,47,"Salicylic Acid, Squalane, Glycerin",Brightening,False,2024-01-25,synthetic_nykaa_model,Luxury (₹4000+)
NYK1358,Innisfree Green Tea Extract Face Mask,Innisfree,Face Mask,Mid-range,1271,1412,10,4.3,437,"Zinc, Green Tea Extract",Anti-Ageing,False,2023-04-04,synthetic_nykaa_model,Mid-range (₹500–1500)
NYK1359,Dot & Key Glycerin UV Shield,Dot & Key,Sunscreen,Budget,286,336,15,4.2,1213,"Green Tea Extract, Glycerin",Anti-Ageing,True,2023-07-11,synthetic_nykaa_model,Budget (< ₹500)
NYK1360,Cetaphil Bakuchiol Cream,Cetaphil,Moisturiser,Mid-range,645,645,0,3.9,61,"Squalane, Bakuchiol, Kojic Acid",Anti-Ageing,False,2023-01-27,synthetic_nykaa_model,Mid-range (₹500–1500)
NYK1361,Paula's Choice Zinc UV Shield,Paula's Choice,Sunscreen,Premium,1662,1846,10,3.9,84,"Salicylic Acid, Zinc, Centella Asiatica",Acne,False,2023-10-26,synthetic_nykaa_model,Premium (₹1500–4000)
NYK1362,Cetaphil Squalane SPF 50 PA++++,Cetaphil,Sunscreen,Mid-range,315,525,40,4.0,337,Squalane,Hydration,False,2024-08-08,synthetic_nykaa_model,Budget (< ₹500)
NYK1363,La Roche-Posay Retinol Sunblock,La Roche-Posay,Sunscreen,Mid-range,1726,1816,5,3.9,217,Retinol,Pigmentation,False,2023-11-05,synthetic_nykaa_model,Premium (₹1500–4000)
NYK1364,Neutrogena Salicylic Acid Sunblock,Neutrogena,Sunscreen,Mid-range,934,1098,15,4.3,164,Salicylic Acid,Brightening,False,2024-03-21,synthetic_nykaa_model,Mid-range (₹500–1500)
NYK1365,The Body Shop Salicylic Acid Gel Moisturiser,The Body Shop,Moisturiser,Premium,1985,2646,25,4.4,64,"SPF 50, Salicylic Acid",Pore Care,False,2023-09-15,synthetic_nykaa_model,Premium (₹1500–4000)
NYK1366,Neutrogena Alpha Arbutin Face Mask,Neutrogena,Face Mask,Mid-range,561,623,10,4.6,494,"Ceramides, Alpha Arbutin, Vitamin C",Brightening,False,2023-11-08,synthetic_nykaa_model,Mid-range (₹500–1500)
NYK1367,The Ordinary Centella Asiatica Gel Cleanser,The Ordinary,Face Wash,Mid-range,380,447,15,4.5,312,"Centella Asiatica, Zinc",Oil Control,False,2023-12-09,synthetic_nykaa_model,Budget (< ₹500)
NYK1368,Paula's Choice Ceramides Cleanser,Paula's Choice,Face Wash,Premium,2100,2470,15,4.5,213,"Zinc, Ceramides",Oil Control,False,2023-11-18,synthetic_nykaa_model,Premium (₹1500–4000)
NYK1369,Estee Lauder SPF 50 Repair Serum,Estee Lauder,Face Serum,Premium,7866,10488,25,4.5,3,"Benzoyl Peroxide, SPF 50",Hydration,False,2023-11-30,synthetic_nykaa_model,Luxury (₹4000+)
NYK1370,Innisfree Green Tea Extract Acne Gel,Innisfree,Spot Treatment,Mid-range,1132,1415,20,3.9,697,"Green Tea Extract, Vitamin C",Hydration,False,2024-08-29,synthetic_nykaa_model,Mid-range (₹500–1500)
NYK1371,Plum Ceramides Cream,Plum,Moisturiser,Budget,617,685,10,3.6,1872,"Alpha Arbutin, Ceramides, Squalane",Pigmentation,False,2024-12-10,synthetic_nykaa_model,Mid-range (₹500–1500)
NYK1372,mCaffeine Benzoyl Peroxide Facial Oil,mCaffeine,Face Oil,Budget,837,930,10,4.2,1234,"SPF 50, Retinol, Benzoyl Peroxide",Hydration,False,2023-09-16,synthetic_nykaa_model,Mid-range (₹500–1500)
NYK1373,Plum Salicylic Acid Eye Repair Cream,Plum,Eye Cream,Budget,863,1078,20,4.5,1556,"Centella Asiatica, Salicylic Acid",Oil Control,False,2024-05-05,synthetic_nykaa_model,Mid-range (₹500–1500)
NYK1374,Clinique Bakuchiol Sunscreen SPF 50,Clinique,Sunscreen,Premium,2496,2496,0,4.0,12,"Bakuchiol, Kojic Acid, Hyaluronic Acid",Pore Care,False,2024-12-19,synthetic_nykaa_model,Premium (₹1500–4000)
NYK1375,Mamaearth Green Tea Extract Cream,Mamaearth,Moisturiser,Budget,214,214,0,3.0,859,Green Tea Extract,Brightening,False,2024-10-24,synthetic_nykaa_model,Budget (< ₹500)
NYK1376,Mamaearth Kojic Acid Foaming Cleanser,Mamaearth,Face Wash,Budget,335,335,0,4.4,548,"Kojic Acid, Vitamin C",Acne,False,2023-04-11,synthetic_nykaa_model,Budget (< ₹500)
NYK1377,Biotique Alpha Arbutin Night Cream,Biotique,Moisturiser,Budget,218,242,10,4.3,527,"Bakuchiol, Peptides, Alpha Arbutin",Pore Care,False,2024-02-05,synthetic_nykaa_model,Budget (< ₹500)
NYK1378,Lotus Retinol Face Wash,Lotus,Face Wash,Budget,271,416,35,3.3,91,"Bakuchiol, Retinol, Green Tea Extract",Acne,False,2024-05-09,synthetic_nykaa_model,Budget (< ₹500)
NYK1379,Olay Vitamin C Brightening Serum,Olay,Face Serum,Mid-range,2178,2904,25,2.9,299,"Salicylic Acid, Vitamin C",Brightening,False,2023-12-23,synthetic_nykaa_model,Premium (₹1500–4000)
NYK1380,La Roche-Posay Ceramides UV Shield,La Roche-Posay,Sunscreen,Mid-range,1355,1426,5,3.9,618,"Ceramides, Bakuchiol",Oil Control,False,2023-12-23,synthetic_nykaa_model,Mid-range (₹500–1500)
NYK1381,Forest Essentials Alpha Arbutin Sunscreen SPF 50,Forest Essentials,Sunscreen,Premium,2627,3090,15,4.4,40,"Alpha Arbutin, Zinc",Anti-Ageing,False,2023-11-04,synthetic_nykaa_model,Premium (₹1500–4000)
NYK1382,Wow Skin Zinc Cleanser,Wow Skin,Face Wash,Budget,192,225,15,3.7,313,Zinc,Anti-Ageing,False,2024-11-24,synthetic_nykaa_model,Budget (< ₹500)
NYK1383,Biotique Squalane Essence Toner,Biotique,Toner,Budget,239,239,0,4.3,234,"AHA/BHA, Squalane, Zinc",Sensitive Skin,False,2024-04-18,synthetic_nykaa_model,Budget (< ₹500)
NYK1384,Lotus Squalane Booster Serum,Lotus,Face Serum,Budget,251,334,25,3.5,2282,"AHA/BHA, Squalane, Kojic Acid",Sensitive Skin,False,2023-01-30,synthetic_nykaa_model,Budget (< ₹500)
NYK1385,Estee Lauder Niacinamide Foaming Cleanser,Estee Lauder,Face Wash,Premium,3606,5151,30,4.4,60,"Kojic Acid, Centella Asiatica, Niacinamide",Hydration,False,2023-07-30,synthetic_nykaa_model,Premium (₹1500–4000)
NYK1386,Mamaearth Vitamin C Clarifying Toner,Mamaearth,Toner,Budget,137,161,15,3.8,1244,Vitamin C,Brightening,False,2024-01-10,synthetic_nykaa_model,Budget (< ₹500)
NYK1387,Olay Glycerin Night Oil,Olay,Face Oil,Mid-range,1239,1548,20,4.1,304,"Vitamin C, Glycerin",Oil Control,False,2024-06-24,synthetic_nykaa_model,Mid-range (₹500–1500)
NYK1388,Biotique Green Tea Extract Booster Serum,Biotique,Face Serum,Budget,451,451,0,4.5,1085,"Centella Asiatica, Vitamin C, Green Tea Extract",Pore Care,False,2024-04-13,synthetic_nykaa_model,Budget (< ₹500)
NYK1389,CeraVe Salicylic Acid Cleanser,CeraVe,Face Wash,Mid-range,737,867,15,3.9,63,"Benzoyl Peroxide, Salicylic Acid, Retinol",Pore Care,False,2023-05-01,synthetic_nykaa_model,Mid-range (₹500–1500)
NYK1390,The Ordinary AHA/BHA Booster Serum,The Ordinary,Face Serum,Mid-range,776,1034,25,4.7,158,AHA/BHA,Pore Care,False,2024-12-11,synthetic_nykaa_model,Mid-range (₹500–1500)
NYK1391,Olay Retinol Gel Cleanser,Olay,Face Wash,Mid-range,911,1214,25,4.4,75,"Retinol, Centella Asiatica",Sensitive Skin,False,2023-07-10,synthetic_nykaa_model,Mid-range (₹500–1500)
NYK1392,Innisfree SPF 50 Water Cream,Innisfree,Moisturiser,Mid-range,1368,1710,20,3.7,798,"AHA/BHA, SPF 50, Benzoyl Peroxide",Brightening,False,2023-07-11,synthetic_nykaa_model,Mid-range (₹500–1500)
NYK1393,The Ordinary Green Tea Extract Essence Toner,The Ordinary,Toner,Mid-range,368,387,5,4.0,475,"Hyaluronic Acid, Green Tea Extract, Niacinamide",Oil Control,False,2023-05-20,synthetic_nykaa_model,Budget (< ₹500)
NYK1394,The Ordinary SPF 50 Repair Serum,The Ordinary,Face Serum,Mid-range,923,1025,10,3.7,45,"Bakuchiol, SPF 50, Kojic Acid",Oil Control,False,2024-03-01,synthetic_nykaa_model,Mid-range (₹500–1500)
NYK1395,Minimalist Salicylic Acid Brightening Serum,Minimalist,Face Serum,Budget,393,436,10,2.6,528,Salicylic Acid,Acne,False,2023-08-14,synthetic_nykaa_model,Budget (< ₹500)
NYK1396,CeraVe Peptides UV Shield,CeraVe,Sunscreen,Mid-range,983,1512,35,4.0,2252,"Peptides, Benzoyl Peroxide",Brightening,False,2024-08-02,synthetic_nykaa_model,Mid-range (₹500–1500)
NYK1397,Biotique Vitamin C Eye Repair Cream,Biotique,Eye Cream,Budget,483,603,20,4.1,680,"Vitamin C, Glycerin, Green Tea Extract",Acne,False,2024-03-27,synthetic_nykaa_model,Budget (< ₹500)
NYK1398,Plum Peptides Repair Serum,Plum,Face Serum,Budget,690,690,0,4.2,2158,"Vitamin C, Peptides",Pigmentation,False,2023-02-03,synthetic_nykaa_model,Mid-range (₹500–1500)
NYK1399,CeraVe Alpha Arbutin Gel Moisturiser,CeraVe,Moisturiser,Mid-range,848,942,10,4.2,258,"Salicylic Acid, Alpha Arbutin",Anti-Ageing,False,2023-08-31,synthetic_nykaa_model,Mid-range (₹500–1500)
NYK1400,Clinique Retinol Serum,Clinique,Face Serum,Premium,3867,4833,20,4.4,6,"Kojic Acid, AHA/BHA, Retinol",Hydration,False,2023-07-31,synthetic_nykaa_model,Premium (₹1500–4000)
NYK1401,Biotique Glycerin Brightening Serum,Biotique,Face Serum,Budget,262,275,5,3.8,92,"Squalane, Glycerin",Brightening,False,2023-11-28,synthetic_nykaa_model,Budget (< ₹500)
NYK1402,Kiehl's Bakuchiol Face Wash,Kiehl's,Face Wash,Premium,2256,3470,35,4.4,54,"Glycerin, Bakuchiol, Vitamin C",Brightening,False,2024-02-26,synthetic_nykaa_model,Premium (₹1500–4000)
NYK1403,mCaffeine Retinol Brightening Serum,mCaffeine,Face Serum,Budget,414,414,0,4.5,1298,"Retinol, Squalane, Peptides",Brightening,False,2024-12-29,synthetic_nykaa_model,Budget (< ₹500)
NYK1404,La Roche-Posay SPF 50 Repair Serum,La Roche-Posay,Face Serum,Mid-range,2166,2406,10,4.6,67,"Centella Asiatica, SPF 50, Retinol",Pigmentation,False,2024-10-04,synthetic_nykaa_model,Premium (₹1500–4000)
NYK1405,Lotus Squalane Blemish Serum,Lotus,Spot Treatment,Budget,396,440,10,4.4,607,"Salicylic Acid, Squalane",Sensitive Skin,False,2024-06-11,synthetic_nykaa_model,Budget (< ₹500)
NYK1406,Garnier Zinc Repair Serum,Garnier,Face Serum,Mid-range,582,582,0,4.9,255,"SPF 50, Zinc",Acne,False,2023-04-06,synthetic_nykaa_model,Mid-range (₹500–1500)
NYK1407,Wow Skin Squalane Gel Cleanser,Wow Skin,Face Wash,Budget,300,375,20,3.8,433,Squalane,Sensitive Skin,False,2023-08-12,synthetic_nykaa_model,Budget (< ₹500)
NYK1408,Forest Essentials Zinc Cleanser,Forest Essentials,Face Wash,Premium,774,774,0,4.8,54,"Glycerin, Zinc",Pigmentation,False,2023-12-12,synthetic_nykaa_model,Mid-range (₹500–1500)
NYK1409,mCaffeine Hyaluronic Acid Repair Serum,mCaffeine,Face Serum,Budget,337,449,25,3.7,1347,"Hyaluronic Acid, Squalane",Anti-Ageing,False,2024-10-03,synthetic_nykaa_model,Budget (< ₹500)
NYK1410,Paula's Choice AHA/BHA Serum,Paula's Choice,Face Serum,Premium,1857,2063,10,4.5,32,AHA/BHA,Oil Control,False,2024-04-12,synthetic_nykaa_model,Premium (₹1500–4000)
NYK1411,Innisfree Retinol AHA Exfoliator,Innisfree,Exfoliant / Scrub,Mid-range,1267,1333,5,4.3,249,Retinol,Pigmentation,False,2023-06-12,synthetic_nykaa_model,Mid-range (₹500–1500)
NYK1412,The Body Shop Green Tea Extract Booster Serum,The Body Shop,Face Serum,Premium,4400,4631,5,4.2,268,"Green Tea Extract, Glycerin, Salicylic Acid",Pore Care,False,2024-11-11,synthetic_nykaa_model,Luxury (₹4000+)
NYK1413,Dot & Key Benzoyl Peroxide Sunscreen SPF 50,Dot & Key,Sunscreen,Budget,882,1102,20,3.7,664,"Benzoyl Peroxide, Peptides",Sensitive Skin,False,2024-11-02,synthetic_nykaa_model,Mid-range (₹500–1500)
NYK1414,Minimalist Ceramides Gel Moisturiser,Minimalist,Moisturiser,Budget,290,322,10,4.2,1168,Ceramides,Oil Control,True,2024-08-30,synthetic_nykaa_model,Budget (< ₹500)
NYK1415,Mamaearth Niacinamide Gel Cleanser,Mamaearth,Face Wash,Budget,341,341,0,4.9,494,Niacinamide,Pore Care,False,2023-05-04,synthetic_nykaa_model,Budget (< ₹500)
NYK1416,Plum Salicylic Acid Cream,Plum,Moisturiser,Budget,544,906,40,3.8,132,"Salicylic Acid, Peptides",Sensitive Skin,False,2023-04-02,synthetic_nykaa_model,Mid-range (₹500–1500)
NYK1417,Kiehl's Green Tea Extract Acne Gel,Kiehl's,Spot Treatment,Premium,1734,2667,35,3.6,182,"Green Tea Extract, Benzoyl Peroxide",Brightening,False,2024-01-27,synthetic_nykaa_model,Premium (₹1500–4000)
NYK1418,The Body Shop Bakuchiol Gel Moisturiser,The Body Shop,Moisturiser,Premium,903,1128,20,4.6,32,Bakuchiol,Acne,False,2024-09-16,synthetic_nykaa_model,Mid-range (₹500–1500)
NYK1419,SK-II Ceramides Repair Serum,SK-II,Face Serum,Premium,9491,11165,15,4.2,132,"Ceramides, Retinol",Sensitive Skin,False,2024-09-22,synthetic_nykaa_model,Luxury (₹4000+)
NYK1420,La Mer Vitamin C UV Shield,La Mer,Sunscreen,Premium,25164,29604,15,3.8,29,Vitamin C,Brightening,False,2023-05-07,synthetic_nykaa_model,Luxury (₹4000+)
NYK1421,The Ordinary Zinc Spot Gel,The Ordinary,Spot Treatment,Mid-range,929,1327,30,4.0,674,"Zinc, Retinol",Hydration,False,2023-10-11,synthetic_nykaa_model,Mid-range (₹500–1500)
NYK1422,The Body Shop Squalane Cleanser,The Body Shop,Face Wash,Premium,758,891,15,4.3,38,"Benzoyl Peroxide, Niacinamide, Squalane",Hydration,False,2024-06-14,synthetic_nykaa_model,Mid-range (₹500–1500)
NYK1423,Clinique Benzoyl Peroxide Night Cream,Clinique,Moisturiser,Premium,1955,1955,0,3.4,81,"Benzoyl Peroxide, Hyaluronic Acid",Hydration,False,2024-05-21,synthetic_nykaa_model,Premium (₹1500–4000)
NYK1424,Forest Essentials SPF 50 Face Mask,Forest Essentials,Face Mask,Premium,4068,5085,20,3.9,25,SPF 50,Anti-Ageing,False,2024-06-24,synthetic_nykaa_model,Luxury (₹4000+)
NYK1425,Estee Lauder Centella Asiatica Cleanser,Estee Lauder,Face Wash,Premium,5275,5861,10,4.1,61,"Retinol, Centella Asiatica",Sensitive Skin,False,2024-01-10,synthetic_nykaa_model,Luxury (₹4000+)
NYK1426,Plum Niacinamide Under Eye Serum,Plum,Eye Cream,Budget,530,815,35,3.9,276,Niacinamide,Anti-Ageing,False,2023-01-15,synthetic_nykaa_model,Mid-range (₹500–1500)
NYK1427,Biotique Hyaluronic Acid Water Cream,Biotique,Moisturiser,Budget,195,195,0,4.2,167,Hyaluronic Acid,Sensitive Skin,False,2024-06-02,synthetic_nykaa_model,Budget (< ₹500)
NYK1428,Kiehl's Salicylic Acid Face Mask,Kiehl's,Face Mask,Premium,1924,2137,10,4.1,158,"Centella Asiatica, Salicylic Acid",Brightening,False,2023-10-12,synthetic_nykaa_model,Premium (₹1500–4000)
NYK1429,Dot & Key Bakuchiol Water Cream,Dot & Key,Moisturiser,Budget,796,1137,30,3.6,3665,Bakuchiol,Hydration,False,2023-06-09,synthetic_nykaa_model,Mid-range (₹500–1500)
NYK1430,Innisfree Salicylic Acid Essence Toner,Innisfree,Toner,Mid-range,1050,1312,20,3.8,415,"Salicylic Acid, Benzoyl Peroxide, Kojic Acid",Hydration,False,2023-03-01,synthetic_nykaa_model,Mid-range (₹500–1500)
NYK1431,La Roche-Posay Vitamin C Facial Oil,La Roche-Posay,Face Oil,Mid-range,1720,1720,0,4.4,46,"Vitamin C, Alpha Arbutin",Acne,False,2023-11-13,synthetic_nykaa_model,Premium (₹1500–4000)
NYK1432,Biotique Retinol Hydra Toner,Biotique,Toner,Budget,208,244,15,4.0,41,Retinol,Acne,False,2023-06-17,synthetic_nykaa_model,Budget (< ₹500)
NYK1433,SK-II AHA/BHA Clay Mask,SK-II,Face Mask,Premium,10459,13073,20,4.2,401,"Bakuchiol, Glycerin, AHA/BHA",Pore Care,False,2023-05-10,synthetic_nykaa_model,Luxury (₹4000+)
NYK1434,SK-II Niacinamide Clarifying Toner,SK-II,Toner,Premium,9657,10730,10,4.4,39,Niacinamide,Pore Care,False,2024-03-15,synthetic_nykaa_model,Luxury (₹4000+)
NYK1435,Lotus Salicylic Acid Water Cream,Lotus,Moisturiser,Budget,374,575,35,4.1,1693,"Salicylic Acid, SPF 50",Oil Control,False,2024-06-07,synthetic_nykaa_model,Budget (< ₹500)
NYK1436,Kiehl's AHA/BHA Sunscreen SPF 50,Kiehl's,Sunscreen,Premium,2874,3193,10,4.5,105,"AHA/BHA, Green Tea Extract",Brightening,False,2023-09-19,synthetic_nykaa_model,Premium (₹1500–4000)
NYK1437,Kiehl's Bakuchiol Face Wash,Kiehl's,Face Wash,Premium,1857,1857,0,3.8,46,Bakuchiol,Acne,False,2023-02-15,synthetic_nykaa_model,Premium (₹1500–4000)
NYK1438,Garnier SPF 50 Sheet Mask,Garnier,Face Mask,Mid-range,786,786,0,4.1,1810,SPF 50,Pore Care,False,2024-01-28,synthetic_nykaa_model,Mid-range (₹500–1500)
NYK1439,Clinique Squalane Brightening Serum,Clinique,Face Serum,Premium,3691,4921,25,3.5,199,Squalane,Sensitive Skin,False,2023-08-18,synthetic_nykaa_model,Premium (₹1500–4000)
NYK1440,Plum Zinc Clay Mask,Plum,Face Mask,Budget,390,433,10,3.5,1045,"Zinc, Glycerin",Anti-Ageing,False,2024-08-08,synthetic_nykaa_model,Budget (< ₹500)
NYK1441,Forest Essentials AHA/BHA Cream,Forest Essentials,Moisturiser,Premium,3186,3748,15,4.7,86,"Hyaluronic Acid, AHA/BHA, Peptides",Acne,False,2024-02-15,synthetic_nykaa_model,Premium (₹1500–4000)
NYK1442,Estee Lauder Benzoyl Peroxide Repair Serum,Estee Lauder,Face Serum,Premium,7425,8735,15,4.4,24,"Benzoyl Peroxide, Zinc",Anti-Ageing,False,2024-07-20,synthetic_nykaa_model,Luxury (₹4000+)
NYK1443,The Ordinary Benzoyl Peroxide SPF 50 PA++++,The Ordinary,Sunscreen,Mid-range,428,475,10,3.8,1322,"Ceramides, Benzoyl Peroxide",Pigmentation,False,2024-09-29,synthetic_nykaa_model,Budget (< ₹500)
NYK1444,Mamaearth Ceramides Eye Cream,Mamaearth,Eye Cream,Budget,504,630,20,3.0,395,"SPF 50, Ceramides",Hydration,False,2023-06-04,synthetic_nykaa_model,Mid-range (₹500–1500)
NYK1445,The Ordinary Peptides Face Oil,The Ordinary,Face Oil,Mid-range,991,1165,15,4.5,1203,Peptides,Pore Care,False,2024-12-11,synthetic_nykaa_model,Mid-range (₹500–1500)
NYK1446,mCaffeine Centella Asiatica Cleanser,mCaffeine,Face Wash,Budget,242,268,10,4.0,361,Centella Asiatica,Pigmentation,False,2023-04-17,synthetic_nykaa_model,Budget (< ₹500)
NYK1447,Paula's Choice SPF 50 Brightening Serum,Paula's Choice,Face Serum,Premium,1812,2131,15,4.2,26,"SPF 50, Hyaluronic Acid",Brightening,False,2024-12-29,synthetic_nykaa_model,Premium (₹1500–4000)
NYK1448,Kiehl's Peptides Clarifying Toner,Kiehl's,Toner,Premium,1425,1583,10,4.0,29,Peptides,Sensitive Skin,False,2024-12-18,synthetic_nykaa_model,Mid-range (₹500–1500)
NYK1449,Neutrogena Vitamin C Cream,Neutrogena,Moisturiser,Mid-range,753,836,10,4.2,264,"Salicylic Acid, Vitamin C, Retinol",Sensitive Skin,False,2023-03-18,synthetic_nykaa_model,Mid-range (₹500–1500)
NYK1450,Innisfree Benzoyl Peroxide Repair Serum,Innisfree,Face Serum,Mid-range,1288,1515,15,4.0,1272,"Retinol, Peptides, Benzoyl Peroxide",Pigmentation,False,2023-11-19,synthetic_nykaa_model,Mid-range (₹500–1500)
NYK1451,Wow Skin Zinc Serum,Wow Skin,Face Serum,Budget,704,1083,35,4.3,167,"Zinc, Squalane, Alpha Arbutin",Pigmentation,False,2023-08-28,synthetic_nykaa_model,Mid-range (₹500–1500)
NYK1452,Garnier Vitamin C SPF 50 PA++++,Garnier,Sunscreen,Mid-range,364,428,15,3.7,193,Vitamin C,Brightening,False,2023-04-19,synthetic_nykaa_model,Budget (< ₹500)
NYK1453,La Roche-Posay Zinc Clarifying Toner,La Roche-Posay,Toner,Mid-range,1311,1638,20,4.0,233,"Zinc, Kojic Acid",Anti-Ageing,False,2024-07-02,synthetic_nykaa_model,Mid-range (₹500–1500)
NYK1454,La Roche-Posay Benzoyl Peroxide Cream,La Roche-Posay,Moisturiser,Mid-range,1710,1900,10,4.1,160,"Benzoyl Peroxide, Alpha Arbutin",Pigmentation,False,2023-05-03,synthetic_nykaa_model,Premium (₹1500–4000)
NYK1455,Olay Ceramides Exfoliant,Olay,Exfoliant / Scrub,Mid-range,1274,1274,0,4.1,201,"Benzoyl Peroxide, Hyaluronic Acid, Ceramides",Pore Care,False,2023-06-01,synthetic_nykaa_model,Mid-range (₹500–1500)
NYK1456,Mamaearth Green Tea Extract Under Eye Serum,Mamaearth,Eye Cream,Budget,580,644,10,4.3,4978,Green Tea Extract,Sensitive Skin,False,2024-11-24,synthetic_nykaa_model,Mid-range (₹500–1500)
NYK1457,Minimalist Niacinamide SPF 50 PA++++,Minimalist,Sunscreen,Budget,340,400,15,3.3,1521,Niacinamide,Sensitive Skin,False,2024-04-08,synthetic_nykaa_model,Budget (< ₹500)
NYK1458,Garnier Vitamin C Serum,Garnier,Face Serum,Mid-range,864,1080,20,4.0,113,"Vitamin C, Retinol",Anti-Ageing,False,2023-01-13,synthetic_nykaa_model,Mid-range (₹500–1500)
NYK1459,Wow Skin Ceramides Serum,Wow Skin,Face Serum,Budget,335,394,15,4.2,3962,Ceramides,Sensitive Skin,False,2024-01-17,synthetic_nykaa_model,Budget (< ₹500)
NYK1460,Olay Niacinamide Repair Serum,Olay,Face Serum,Mid-range,1703,2432,30,4.3,52,Niacinamide,Anti-Ageing,False,2023-07-22,synthetic_nykaa_model,Premium (₹1500–4000)
NYK1461,Innisfree Zinc Under Eye Serum,Innisfree,Eye Cream,Mid-range,2064,2580,20,3.8,255,Zinc,Anti-Ageing,False,2023-02-13,synthetic_nykaa_model,Premium (₹1500–4000)
NYK1462,The Ordinary Kojic Acid Spot Gel,The Ordinary,Spot Treatment,Mid-range,968,1075,10,5.0,596,Kojic Acid,Sensitive Skin,False,2024-05-23,synthetic_nykaa_model,Mid-range (₹500–1500)
NYK1463,Olay AHA/BHA Under Eye Serum,Olay,Eye Cream,Mid-range,1601,1883,15,3.6,524,"Kojic Acid, AHA/BHA, Green Tea Extract",Hydration,False,2023-07-11,synthetic_nykaa_model,Premium (₹1500–4000)
NYK1464,Garnier Hyaluronic Acid Foaming Cleanser,Garnier,Face Wash,Mid-range,843,1204,30,3.8,144,"Retinol, Hyaluronic Acid",Hydration,False,2024-10-24,synthetic_nykaa_model,Mid-range (₹500–1500)
NYK1465,Minimalist SPF 50 Water Cream,Minimalist,Moisturiser,Budget,241,283,15,3.9,290,"Squalane, SPF 50",Acne,False,2023-03-31,synthetic_nykaa_model,Budget (< ₹500)
NYK1466,SK-II Kojic Acid Booster Serum,SK-II,Face Serum,Premium,9845,12306,20,4.8,33,Kojic Acid,Hydration,False,2024-10-20,synthetic_nykaa_model,Luxury (₹4000+)
NYK1467,Dot & Key SPF 50 Brightening Serum,Dot & Key,Face Serum,Budget,711,748,5,4.3,1000,"Green Tea Extract, SPF 50",Oil Control,False,2023-12-19,synthetic_nykaa_model,Mid-range (₹500–1500)
NYK1468,Forest Essentials AHA/BHA Essence Toner,Forest Essentials,Toner,Premium,1816,2017,10,4.1,73,"AHA/BHA, Niacinamide",Pore Care,False,2024-09-03,synthetic_nykaa_model,Premium (₹1500–4000)
NYK1469,CeraVe Hyaluronic Acid Gel Moisturiser,CeraVe,Moisturiser,Mid-range,615,683,10,4.3,446,"Hyaluronic Acid, SPF 50",Pore Care,False,2024-08-21,synthetic_nykaa_model,Mid-range (₹500–1500)
NYK1470,Biotique Peptides Spot Gel,Biotique,Spot Treatment,Budget,254,282,10,4.1,1554,Peptides,Hydration,False,2023-09-30,synthetic_nykaa_model,Budget (< ₹500)
NYK1471,Estee Lauder AHA/BHA Brightening Serum,Estee Lauder,Face Serum,Premium,8476,9417,10,4.4,1319,"Centella Asiatica, Green Tea Extract, AHA/BHA",Brightening,False,2023-08-31,synthetic_nykaa_model,Luxury (₹4000+)
NYK1472,mCaffeine Niacinamide Sheet Mask,mCaffeine,Face Mask,Budget,607,809,25,4.1,416,"Green Tea Extract, Niacinamide, Squalane",Brightening,False,2024-07-30,synthetic_nykaa_model,Mid-range (₹500–1500)
NYK1473,Innisfree Benzoyl Peroxide Serum,Innisfree,Face Serum,Mid-range,2722,3402,20,4.3,89,"Benzoyl Peroxide, AHA/BHA, SPF 50",Acne,False,2023-04-03,synthetic_nykaa_model,Premium (₹1500–4000)
NYK1474,mCaffeine Peptides Booster Serum,mCaffeine,Face Serum,Budget,731,860,15,4.4,474,"Peptides, Niacinamide, SPF 50",Acne,False,2023-12-06,synthetic_nykaa_model,Mid-range (₹500–1500)
NYK1475,The Ordinary AHA/BHA Booster Serum,The Ordinary,Face Serum,Mid-range,1055,1110,5,5.0,393,"AHA/BHA, Zinc",Acne,False,2023-01-23,synthetic_nykaa_model,Mid-range (₹500–1500)
NYK1476,Wow Skin Bakuchiol Brightening Serum,Wow Skin,Face Serum,Budget,280,294,5,3.6,761,Bakuchiol,Pore Care,False,2023-03-16,synthetic_nykaa_model,Budget (< ₹500)
NYK1477,La Roche-Posay Benzoyl Peroxide Cleanser,La Roche-Posay,Face Wash,Mid-range,1145,1272,10,4.8,375,"Vitamin C, Zinc, Benzoyl Peroxide",Pore Care,False,2023-05-20,synthetic_nykaa_model,Mid-range (₹500–1500)
NYK1478,Garnier SPF 50 Brightening Serum,Garnier,Face Serum,Mid-range,310,413,25,4.1,447,"SPF 50, Zinc",Brightening,False,2024-12-25,synthetic_nykaa_model,Budget (< ₹500)
NYK1479,Plum Benzoyl Peroxide SPF 50 PA++++,Plum,Sunscreen,Budget,821,821,0,3.5,407,"AHA/BHA, Centella Asiatica, Benzoyl Peroxide",Pigmentation,False,2023-05-11,synthetic_nykaa_model,Mid-range (₹500–1500)
NYK1480,Garnier Centella Asiatica Water Cream,Garnier,Moisturiser,Mid-range,810,852,5,4.0,12,Centella Asiatica,Acne,False,2023-07-06,synthetic_nykaa_model,Mid-range (₹500–1500)
NYK1481,Minimalist SPF 50 Eye Cream,Minimalist,Eye Cream,Budget,788,788,0,5.0,175,"Vitamin C, SPF 50, Retinol",Pore Care,False,2023-03-21,synthetic_nykaa_model,Mid-range (₹500–1500)
NYK1482,Innisfree Salicylic Acid Toner,Innisfree,Toner,Mid-range,1125,1500,25,4.8,364,"AHA/BHA, Salicylic Acid",Pore Care,False,2024-04-02,synthetic_nykaa_model,Mid-range (₹500–1500)
NYK1483,Neutrogena Peptides Water Cream,Neutrogena,Moisturiser,Mid-range,1069,1336,20,3.6,195,Peptides,Anti-Ageing,False,2023-12-25,synthetic_nykaa_model,Mid-range (₹500–1500)
NYK1484,Clinique Hyaluronic Acid Acne Gel,Clinique,Spot Treatment,Premium,2010,2233,10,4.3,50,"Niacinamide, Hyaluronic Acid, Centella Asiatica",Oil Control,False,2024-03-05,synthetic_nykaa_model,Premium (₹1500–4000)
NYK1485,CeraVe Centella Asiatica Glow Oil,CeraVe,Face Oil,Mid-range,2293,2293,0,3.9,308,"Centella Asiatica, Green Tea Extract",Sensitive Skin,False,2023-04-14,synthetic_nykaa_model,Premium (₹1500–4000)
NYK1486,The Ordinary Alpha Arbutin Under Eye Serum,The Ordinary,Eye Cream,Mid-range,580,610,5,4.3,61,Alpha Arbutin,Anti-Ageing,False,2023-02-04,synthetic_nykaa_model,Mid-range (₹500–1500)
NYK1487,Mamaearth Glycerin Gel Moisturiser,Mamaearth,Moisturiser,Budget,227,267,15,4.3,3071,"Glycerin, Vitamin C",Anti-Ageing,True,2024-01-20,synthetic_nykaa_model,Budget (< ₹500)
NYK1488,Garnier SPF 50 Booster Serum,Garnier,Face Serum,Mid-range,979,1151,15,3.6,328,"Salicylic Acid, Zinc, SPF 50",Acne,False,2024-03-17,synthetic_nykaa_model,Mid-range (₹500–1500)
NYK1489,Mamaearth Hyaluronic Acid Under Eye Serum,Mamaearth,Eye Cream,Budget,1032,1214,15,4.3,1714,"AHA/BHA, Hyaluronic Acid",Anti-Ageing,True,2023-07-14,synthetic_nykaa_model,Mid-range (₹500–1500)
NYK1490,Forest Essentials Peptides Gel Cleanser,Forest Essentials,Face Wash,Premium,1939,2281,15,4.0,32,"Benzoyl Peroxide, Squalane, Peptides",Anti-Ageing,False,2023-02-20,synthetic_nykaa_model,Premium (₹1500–4000)
NYK1491,mCaffeine SPF 50 Pimple Patch,mCaffeine,Spot Treatment,Budget,457,571,20,4.0,966,"SPF 50, Retinol, Hyaluronic Acid",Pore Care,False,2023-01-04,synthetic_nykaa_model,Budget (< ₹500)
NYK1492,Innisfree SPF 50 SPF 50 PA++++,Innisfree,Sunscreen,Mid-range,1154,1357,15,4.5,221,"SPF 50, Ceramides",Anti-Ageing,False,2023-01-27,synthetic_nykaa_model,Mid-range (₹500–1500)
NYK1493,Kiehl's Salicylic Acid Night Cream,Kiehl's,Moisturiser,Premium,2089,2198,5,3.9,30,"Benzoyl Peroxide, Salicylic Acid, SPF 50",Anti-Ageing,False,2023-11-12,synthetic_nykaa_model,Premium (₹1500–4000)
NYK1494,mCaffeine Salicylic Acid Foaming Cleanser,mCaffeine,Face Wash,Budget,281,295,5,4.4,868,"Glycerin, Salicylic Acid",Sensitive Skin,False,2023-07-09,synthetic_nykaa_model,Budget (< ₹500)
NYK1495,The Ordinary Alpha Arbutin Sleeping Mask,The Ordinary,Face Mask,Mid-range,651,813,20,3.8,626,"AHA/BHA, Alpha Arbutin",Acne,False,2023-09-27,synthetic_nykaa_model,Mid-range (₹500–1500)
NYK1496,Garnier Peptides Cream,Garnier,Moisturiser,Mid-range,637,707,10,4.3,99,"Peptides, Glycerin",Acne,False,2023-06-04,synthetic_nykaa_model,Mid-range (₹500–1500)
NYK1497,Garnier Peptides Night Cream,Garnier,Moisturiser,Mid-range,484,569,15,4.4,63,"Green Tea Extract, Kojic Acid, Peptides",Acne,False,2024-02-01,synthetic_nykaa_model,Budget (< ₹500)
NYK1498,Forest Essentials Squalane Under Eye Serum,Forest Essentials,Eye Cream,Premium,3008,3008,0,4.5,25,"SPF 50, Peptides, Squalane",Pigmentation,False,2023-03-22,synthetic_nykaa_model,Premium (₹1500–4000)
NYK1499,Cetaphil Bakuchiol Repair Serum,Cetaphil,Face Serum,Mid-range,1825,2027,10,4.2,43,Bakuchiol,Brightening,False,2023-05-04,synthetic_nykaa_model,Premium (₹1500–4000)
